id,prefix,first_name,last_name,date_of_birth,gender,ethnicity_code,personal_phone,home_address,home_postcode,home_address_country,other_email,
('FG00001','Dr','Augustin','Ormiston','1953-8-5','M','EC01',464773609598,'9282 Del Mar Street','831 37','Sweden','Augustin.Ormiston@myemail.com'), 
('FG00002','Mr','Bennie','Fretter','1992-12-15','F','EC02',467002109986,'7442 Starling Place','666 23','Sweden','Bennie.Fretter@myemail.com'), 
('FG00003','Mr','Lanette','Dougherty','1965-11-16','F','EC03',448354179436,'88686 Riverside Trail','GU32','United Kingdom','Lanette.Dougherty@myemail.com'), 
('FG00004','Mrs','Amalita','McAlees','1957-11-16','F','EC04',8466920729,'0388 Sullivan Street','10582','Malaysia','Amalita.McAlees@myemail.com'), 
('FG00005','Mrs','Loreen','Savil','1976-5-17','F','EC05',17852180043,'30 Rowland Place','66611','United States','Loreen.Savil@myemail.com'), 
('FG00006','Ms','Pembroke','Lorkin','1978-9-1','M','EC06',11459923714,'94993 Pankratz Terrace','G3Z','Canada','Pembroke.Lorkin@myemail.com'), 
('FG00007','Ms','Jami','Charke','1991-12-28','F','EC07',11253011149,'347 Ronald Regan Lane','T7A','Canada','Jami.Charke@myemail.com'), 
('FG00008','Mr','Ardelle','Orsman','1975-7-22','F','EC08',1812769068,'8 Donald Park','10550','Malaysia','Ardelle.Orsman@myemail.com'), 
('FG00009','Mrs','Velvet','Scuse','1958-10-6','F','EC09',18129099842,'78 Ridge Oak Alley','47719','United States','Velvet.Scuse@myemail.com'), 
('FG00010','Dr','Paule','Vannoni','1975-2-25','F','EC10',464657406366,'2 Miller Trail','231 91','Sweden','Paule.Vannoni@myemail.com'), 
('FG00011','Dr','Salvador','Arnoll','1958-1-22','M','EC11',16052374490,'5 Debra Plaza','57193','United States','Salvador.Arnoll@myemail.com'), 
('FG00012','Dr','Danyette','Ubank','1992-4-3','F','EC12',468695273281,'98438 Mendota Parkway','120 01','Sweden','Danyette.Ubank@myemail.com'), 
('FG00013','Mr','Xever','McAvey','1957-9-2','M','EC13',467796187487,'9 Golf Street','701 91','Sweden','Xever.McAvey@myemail.com'), 
('FG00014','Mrs','Heath','Leethem','1988-6-30','M','EC14',1124468368,'929 Larry Junction','1578','Malaysia','Heath.Leethem@myemail.com'), 
('FG00015','Ms','Mill','Belford','1977-1-18','M','EC15',462583696979,'44 Cardinal Place','961 86','Sweden','Mill.Belford@myemail.com'), 
('FG00016','Mr','Marinna','Wolfart','1970-11-5','F','EC16',17703601174,'5 Forest Dale Street','30323','United States','Marinna.Wolfart@myemail.com'), 
('FG00017','Dr','Hewett','Rasher','1970-12-24','M','EC17',13362454108,'7 Del Mar Street','27499','United States','Hewett.Rasher@myemail.com'), 
('FG00018','Mr','Neda','Loftie','1975-9-29','F','EC18',18199716937,'45 Victoria Way','J5T','Canada','Neda.Loftie@myemail.com'), 
('FG00019','Mr','Ariadne','Wasielewicz','1998-6-21','F','EC01',17132846139,'14591 Clarendon Hill','77260','United States','Ariadne.Wasielewicz@myemail.com'), 
('FG00020','Mrs','Drake','Gueste','1986-10-31','M','EC02',13935547201,'6372 Bellgrove Lane','J4X','Canada','Drake.Gueste@myemail.com'), 
('FG00021','Mrs','Maynard','Davley','1991-4-25','M','EC03',4505526149,'99 Dennis Crossing','30760','Malaysia','Maynard.Davley@myemail.com'), 
('FG00022','Mrs','Alis','Konert','1966-11-12','F','EC04',15785880014,'13136 Graedel Alley','K8P','Canada','Alis.Konert@myemail.com'), 
('FG00023','Mrs','Derwin','Kliesl','1955-9-22','M','EC05',19625817987,'415 Village Avenue','L5M','Canada','Derwin.Kliesl@myemail.com'), 
('FG00024','Dr','Harlin','McMickan','1996-5-10','M','EC06',469006388808,'647 Hovde Road','283 45','Sweden','Harlin.McMickan@myemail.com'), 
('FG00025','Ms','Audi','Fiennes','1976-10-13','F','EC07',469886640661,'052 Hermina Terrace','933 82','Sweden','Audi.Fiennes@myemail.com'), 
('FG00026','Dr','Candida','Beldum','1997-1-25','F','EC08',464629934992,'499 Darwin Plaza','591 71','Sweden','Candida.Beldum@myemail.com'), 
('FG00027','Mr','Heywood','Cregeen','1957-1-24','M','EC09',6279039242,'7413 John Wall Crossing','80560','Malaysia','Heywood.Cregeen@myemail.com'), 
('FG00028','Mr','Kristoforo','Kingswood','1952-10-11','M','EC10',468162686853,'1791 John Wall Trail','175 49','Sweden','Kristoforo.Kingswood@myemail.com'), 
('FG00029','Mr','Eldredge','Gyurko','1994-9-4','M','EC11',496812855116,'291 Merry Trail','30629','Germany','Eldredge.Gyurko@myemail.com'), 
('FG00030','Dr','Frederik','Clogg','1992-2-11','M','EC12',467194730772,'29 Barnett Hill','402 57','Sweden','Frederik.Clogg@myemail.com'), 
('FG00031','Mr','Hyacinthie','Kleszinski','1992-10-21','F','EC13',1283488480,'7270 Becker Court','88661','Malaysia','Hyacinthie.Kleszinski@myemail.com'), 
('FG00032','Mr','Thurston','Kilfeather','1969-2-2','M','EC14',13535251784,'5 Grim Plaza','J8R','Canada','Thurston.Kilfeather@myemail.com'), 
('FG00033','Dr','Fifi','Undrell','1961-9-24','F','EC15',461811964424,'10156 Tennessee Circle','681 84','Sweden','Fifi.Undrell@myemail.com'), 
('FG00034','Ms','Billie','Dashwood','1977-5-28','F','EC16',11733666670,'7017 Scoville Hill','E8L','Canada','Billie.Dashwood@myemail.com'), 
('FG00035','Mr','Grove','Elcombe','2000-1-5','M','EC17',495701630916,'8188 Arkansas Junction','70190','Germany','Grove.Elcombe@myemail.com'), 
('FG00036','Mr','Cecily','Ragg','1962-2-25','F','EC01',467651637236,'824 Tennessee Terrace','855 90','Sweden','Cecily.Ragg@myemail.com'), 
('FG00037','Mrs','Cornell','Lukash','1956-9-13','M','EC01',469375265586,'3 Columbus Hill','739 30','Sweden','Cornell.Lukash@myemail.com'), 
('FG00038','Ms','Peirce','Crook','1969-5-5','M','EC01',11449873006,'532 Kedzie Terrace','P7L','Canada','Peirce.Crook@myemail.com'), 
('FG00039','Mrs','Smitty','Kondratenya','1976-7-31','M','EC01',13054873382,'63 High Crossing Court','33487','United States','Smitty.Kondratenya@myemail.com'), 
('FG00040','Dr','Delano','Pearsall','1993-1-23','M','EC02',8256444807,'1714 Gerald Junction','5516','Malaysia','Delano.Pearsall@myemail.com'), 
('FG00041','Ms','Sandi','Eastmond','1988-12-19','F','EC03',15018736754,'09791 Lukken Plaza','B2E','Canada','Sandi.Eastmond@myemail.com'), 
('FG00042','Mr','Nico','Vasenin','1953-10-22','M','EC04',14191196723,'777 Coleman Way','43610','United States','Nico.Vasenin@myemail.com'), 
('FG00043','Mr','Orson','Aspy','1988-9-20','M','EC05',13146781230,'034 Saint Paul Point','41905','United States','Orson.Aspy@myemail.com'), 
('FG00044','Ms','Claudine','Sussems','1980-7-24','F','EC06',465169522648,'7021 Lunder Trail','168 37','Sweden','Claudine.Sussems@myemail.com'), 
('FG00045','Mrs','Jessamine','Stobart','1968-5-30','F','EC07',12872983364,'59864 Luster Hill','N4W','Canada','Jessamine.Stobart@myemail.com'), 
('FG00046','Ms','Mada','Wardrope','1950-9-16','F','EC08',17026348536,'1 Cardinal Way','89155','United States','Mada.Wardrope@myemail.com'), 
('FG00047','Mrs','Robinet','Claus','1960-10-10','M','EC09',15201375204,'1 Nova Pass','T5C','Canada','Robinet.Claus@myemail.com'), 
('FG00048','Dr','Maegan','Hammerstone','1972-12-19','F','EC10',17762762122,'5 Loeprich Park','H9X','Canada','Maegan.Hammerstone@myemail.com'), 
('FG00049','Ms','Bren','Aaronson','1987-1-20','M','EC11',465773026412,'54602 Oxford Lane','524 24','Sweden','Bren.Aaronson@myemail.com'), 
('FG00050','Mrs','Rafferty','Lippett','1984-3-7','M','EC12',13346072505,'0592 Paget Drive','36177','United States','Rafferty.Lippett@myemail.com'), 
('FG00051','Dr','Lamond','Prayer','2000-5-25','M','EC13',4323168185,'5437 Oak Valley Alley','20916','Malaysia','Lamond.Prayer@myemail.com'), 
('FG00052','Dr','Irvin','Haborn','1971-7-8','M','EC14',16822587330,'7925 Portage Lane','76198','United States','Irvin.Haborn@myemail.com'), 
('FG00053','Mr','Janette','Manuaud','1962-3-23','F','EC15',17686971626,'29740 Lien Parkway','L9T','Canada','Janette.Manuaud@myemail.com'), 
('FG00054','Dr','Horatia','Raselles','1952-9-20','F','EC16',497988285437,'2245 Kropf Plaza','63073','Germany','Horatia.Raselles@myemail.com'), 
('FG00055','Dr','Ingar','Halfacre','1973-1-9','M','EC17',19686523842,'50912 Old Shore Avenue','B2V','Canada','Ingar.Halfacre@myemail.com'), 
('FG00056','Mr','Sacha','Burth','1988-1-28','F','EC18',466483556283,'601 Colorado Parkway','147 23','Sweden','Sacha.Burth@myemail.com'), 
('FG00057','Dr','Rani','Loy','1999-6-24','F','EC01',461701901112,'01 Erie Alley','543 30','Sweden','Rani.Loy@myemail.com'), 
('FG00058','Dr','Murdock','Sivill','1967-4-24','M','EC02',16357229038,'19 Heath Terrace','V7R','Canada','Murdock.Sivill@myemail.com'), 
('FG00059','Dr','Sianna','Cornbill','1995-6-3','F','EC03',17031213841,'933 Ludington Drive','22301','United States','Sianna.Cornbill@myemail.com'), 
('FG00060','Dr','Ellswerth','Heape','1969-10-14','M','EC04',494017979142,'993 Bartillon Center','10409','Germany','Ellswerth.Heape@myemail.com'), 
('FG00061','Mr','Darryl','Whyley','1954-9-29','F','EC05',13307931392,'3356 Cottonwood Point','44710','United States','Darryl.Whyley@myemail.com'), 
('FG00062','Dr','Laurene','Macci','1974-1-28','F','EC06',2746824791,'8 Judy Lane','41720','Malaysia','Laurene.Macci@myemail.com'), 
('FG00063','Mrs','Yul','Hindmoor','1995-11-13','M','EC07',17077963540,'1 7th Pass','94975','United States','Yul.Hindmoor@myemail.com'), 
('FG00064','Mr','Ekaterina','Poller','1952-9-21','F','EC08',13666450498,'6877 Brown Avenue','H9P','Canada','Ekaterina.Poller@myemail.com'), 
('FG00065','Mr','Carine','Plumbe','1968-5-29','F','EC09',2612436648,'1739 Dexter Trail','79575','Malaysia','Carine.Plumbe@myemail.com'), 
('FG00066','Dr','Hatti','Milthorpe','1982-9-15','F','EC10',441536838868,'8220 Blackbird Trail','BD7','United Kingdom','Hatti.Milthorpe@myemail.com'), 
('FG00067','Dr','Atalanta','Hamlin','1975-3-24','F','EC11',14555091537,'120 Northport Lane','S6W','Canada','Atalanta.Hamlin@myemail.com'), 
('FG00068','Ms','Camilla','Spadaro','1954-1-19','F','EC12',494289046752,'0 Judy Park','37217','Germany','Camilla.Spadaro@myemail.com'), 
('FG00069','Dr','Berkeley','Foulks','1963-7-26','M','EC13',7793766770,'961 Bunker Hill Avenue','20710','Malaysia','Berkeley.Foulks@myemail.com'), 
('FG00070','Mrs','Sargent','Dansie','1963-8-14','M','EC14',11672539946,'46 David Street','K7R','Canada','Sargent.Dansie@myemail.com'), 
('FG00071','Mr','Camilla','Kitchinham','1966-12-11','F','EC15',14127451725,'5 Ridgeway Trail','G7K','Canada','Camilla.Kitchinham@myemail.com'), 
('FG00072','Mr','Dalenna','Stallon','1988-4-22','F','EC16',9069728798,'81 Fisk Center','5720','Malaysia','Dalenna.Stallon@myemail.com'), 
('FG00073','Mrs','Tracee','Conrath','1982-1-27','F','EC17',462602621432,'3 Scoville Place','568 92','Sweden','Tracee.Conrath@myemail.com'), 
('FG00074','Ms','Iseabal','Creyke','1963-4-26','F','EC18',468134413347,'63550 Lotheville Park','602 34','Sweden','Iseabal.Creyke@myemail.com'), 
('FG00075','Mrs','Billie','Fleisch','1951-5-11','F','EC01',2268071357,'8323 Schiller Trail','55100','Malaysia','Billie.Fleisch@myemail.com'), 
('FG00076','Dr','Filide','Tynemouth','1954-7-31','F','EC02',462804163077,'42862 Nova Crossing','851 00','Sweden','Filide.Tynemouth@myemail.com'), 
('FG00077','Mrs','Geneva','Hamsley','1957-7-21','F','EC03',492253354066,'23 Toban Circle','35581','Germany','Geneva.Hamsley@myemail.com'), 
('FG00078','Ms','Efrem','Grassett','1963-6-14','M','EC04',17178778922,'1028 Mariners Cove Circle','17126','United States','Efrem.Grassett@myemail.com'), 
('FG00079','Ms','Taddeo','Mallender','1986-10-1','M','EC05',13527029220,'7 Barby Place','32627','United States','Taddeo.Mallender@myemail.com'), 
('FG00080','Mrs','Anselma','Bourthouloume','1955-8-17','F','EC06',468479069042,'53074 Swallow Place','575 94','Sweden','Anselma.Bourthouloume@myemail.com'), 
('FG00081','Ms','Stevy','Meadmore','1974-12-10','M','EC07',444388394200,'7 Prairie Rose Lane','GL54','United Kingdom','Stevy.Meadmore@myemail.com'), 
('FG00082','Dr','Jammie','Dudden','1964-12-24','F','EC08',11716937526,'8 Crowley Parkway','V9A','Canada','Jammie.Dudden@myemail.com'), 
('FG00083','Mr','Cristine','Sugden','1998-1-9','F','EC09',14664227016,'770 Eliot Street','G9A','Canada','Cristine.Sugden@myemail.com'), 
('FG00084','Dr','Collen','Birchall','1955-11-14','F','EC10',19738467575,'50939 Fieldstone Junction','V9C','Canada','Collen.Birchall@myemail.com'), 
('FG00085','Mr','Garold','Chateau','1992-6-6','M','EC11',12545281986,'1808 Melody Trail','E5A','Canada','Garold.Chateau@myemail.com'), 
('FG00086','Ms','Arden','Fihelly','1976-2-7','F','EC12',16614892632,'5 Coolidge Pass','93305','United States','Arden.Fihelly@myemail.com'), 
('FG00087','Dr','Alec','Tetford','1970-1-18','M','EC13',12865529561,'1 Homewood Point','K4K','Canada','Alec.Tetford@myemail.com'), 
('FG00088','Dr','Mychal','McDugal','1983-2-4','M','EC14',17087002703,'5 Independence Center','60193','United States','Mychal.McDugal@myemail.com'), 
('FG00089','Dr','Simeon','Crewes','1965-7-4','M','EC15',11149749778,'31 Farwell Way','B0N','Canada','Simeon.Crewes@myemail.com'), 
('FG00090','Mrs','Brodie','Hunnable','1970-12-21','M','EC16',17175834552,'4231 Morrow Parkway','17110','United States','Brodie.Hunnable@myemail.com'), 
('FG00091','Mr','Wade','Seares','1961-6-9','M','EC01',443787191474,'2 Warbler Street','CT16','United Kingdom','Wade.Seares@myemail.com'), 
('FG00092','Mr','Pearla','Acey','1976-1-18','F','EC02',14409613305,'8404 Rockefeller Center','G9T','Canada','Pearla.Acey@myemail.com'), 
('FG00093','Dr','Nate','Dreghorn','1958-1-14','M','EC03',13642694184,'20081 Londonderry Court','T1G','Canada','Nate.Dreghorn@myemail.com'), 
('FG00094','Mr','Lilas','Aspinell','1997-6-14','F','EC04',463491154321,'21 Sachtjen Center','602 14','Sweden','Lilas.Aspinell@myemail.com'), 
('FG00095','Ms','Rafaelia','Micklem','1997-11-21','F','EC05',5889848315,'02 Bellgrove Hill','90726','Malaysia','Rafaelia.Micklem@myemail.com'), 
('FG00096','Dr','Florri','Kleinmintz','1970-2-20','F','EC06',7182693655,'5 Corscot Lane','93590','Malaysia','Florri.Kleinmintz@myemail.com'), 
('FG00097','Mr','Montgomery','Schimpke','1970-1-5','M','EC07',8747896285,'18954 Hallows Circle','62514','Malaysia','Montgomery.Schimpke@myemail.com'), 
('FG00098','Dr','Allen','Mont','1997-1-24','M','EC08',3516934573,'280 Thierer Pass','40612','Malaysia','Allen.Mont@myemail.com'), 
('FG00099','Mr','Guglielmo','Garvill','1990-6-10','M','EC09',16233844573,'3675 Lawn Alley','85260','United States','Guglielmo.Garvill@myemail.com'), 
('FG00100','Dr','Maryl','Lodo','1990-11-20','F','EC10',4912136306,'962 Killdeer Place','75910','Malaysia','Maryl.Lodo@myemail.com'), 
('FG00101','Dr','Alain','McLevie','1985-1-11','M','EC11',467015907695,'20062 Brentwood Hill','743 91','Sweden','Alain.McLevie@myemail.com'), 
('FG00102','Mr','Sibley','Karpe','1970-9-27','F','EC12',3458680324,'0375 Butterfield Crossing','88610','Malaysia','Sibley.Karpe@myemail.com'), 
('FG00103','Dr','Shirley','Knightly','1961-8-12','F','EC13',19703713290,'8754 2nd Court','81505','United States','Shirley.Knightly@myemail.com'), 
('FG00104','Mr','Keely','Cutajar','1978-9-4','F','EC14',466086776089,'36 Vahlen Lane','686 24','Sweden','Keely.Cutajar@myemail.com'), 
('FG00105','Mr','Farris','Baldick','1953-4-1','M','EC15',15567773861,'12504 Marcy Parkway','K7S','Canada','Farris.Baldick@myemail.com'), 
('FG00106','Ms','Gerti','Rogans','1953-12-22','F','EC16',4233910422,'4 Troy Way','46781','Malaysia','Gerti.Rogans@myemail.com'), 
('FG00107','Mr','Lyle','Emer','1980-4-21','M','EC01',462044173945,'584 Sullivan Center','181 36','Sweden','Lyle.Emer@myemail.com'), 
('FG00108','Mrs','Doti','Sains','1991-3-30','F','EC02',462671542961,'543 Golf Road','372 25','Sweden','Doti.Sains@myemail.com'), 
('FG00109','Mr','Jessee','Athowe','1996-2-3','M','EC03',18061342844,'3647 Troy Trail','79405','United States','Jessee.Athowe@myemail.com'), 
('FG00110','Mr','Shane','Kliche','1995-12-2','F','EC04',15511790928,'507 Sage Place','R7N','Canada','Shane.Kliche@myemail.com'), 
('FG00111','Dr','Keriann','Silby','1991-1-1','F','EC05',19038857371,'2 Nova Pass','75710','United States','Keriann.Silby@myemail.com'), 
('FG00112','Mr','Hildegaard','Chestney','1975-10-9','F','EC01',8532640370,'25 Iowa Park','10662','Malaysia','Hildegaard.Chestney@myemail.com'), 
('FG00113','Mr','Jacynth','Doche','1951-4-7','F','EC02',467253174953,'296 Katie Center','164 45','Sweden','Jacynth.Doche@myemail.com'), 
('FG00114','Dr','Malcolm','Rosenfrucht','1950-11-7','M','EC03',468874831226,'946 Nobel Way','143 42','Sweden','Malcolm.Rosenfrucht@myemail.com'), 
('FG00115','Dr','Rodolfo','Penhalewick','1998-3-27','M','EC04',17199637223,'403 Dakota Hill','80905','United States','Rodolfo.Penhalewick@myemail.com'), 
('FG00116','Mr','Selma','Kulicke','1972-2-16','F','EC05',2964481023,'4788 Drewry Circle','79503','Malaysia','Selma.Kulicke@myemail.com'), 
('FG00117','Mr','Brietta','Fenge','1983-1-7','F','EC06',462635540926,'4 Butternut Trail','412 86','Sweden','Brietta.Fenge@myemail.com'), 
('FG00118','Ms','Maggie','Da Costa','1952-11-26','F','EC07',13384889593,'8732 Merrick Center','B2G','Canada','Maggie.Da Costa@myemail.com'), 
('FG00119','Dr','Maren','Ramas','1957-4-12','F','EC08',16164681129,'92 Melody Pass','49505','United States','Maren.Ramas@myemail.com'), 
('FG00120','Dr','Kakalina','Gossage','1996-11-1','F','EC09',468287394274,'19572 Manufacturers Center','541 33','Sweden','Kakalina.Gossage@myemail.com'), 
('FG00121','Mr','Alisander','Menichi','1956-5-7','M','EC10',465845112780,'81089 Sage Junction','167 74','Sweden','Alisander.Menichi@myemail.com'), 
('FG00122','Dr','Albrecht','Ghelerdini','1957-11-15','M','EC01',15054335592,'53 3rd Avenue','87140','United States','Albrecht.Ghelerdini@myemail.com'), 
('FG00123','Mr','Estell','Walworche','1958-5-30','F','EC02',13178454373,'41844 Darwin Plaza','46254','United States','Estell.Walworche@myemail.com'), 
('FG00124','Dr','Emlynne','Smalman','1953-10-14','F','EC03',462356445250,'23515 Hanover Circle','268 32','Sweden','Emlynne.Smalman@myemail.com'), 
('FG00125','Dr','Aggie','Tudgay','1969-7-21','F','EC04',462243261455,'6 Darwin Street','451 32','Sweden','Aggie.Tudgay@myemail.com'), 
('FG00126','Dr','Bea','Caller','1976-11-13','F','EC05',2954513715,'41009 Straubel Hill','80560','Malaysia','Bea.Caller@myemail.com'), 
('FG00127','Mrs','Lyndsay','Soames','1979-5-3','F','EC06',464874782696,'19514 Portage Avenue','600 06','Sweden','Lyndsay.Soames@myemail.com'), 
('FG00128','Mr','Maryann','Dunbobin','1972-2-11','F','EC07',462248926121,'99 Crest Line Plaza','582 02','Sweden','Maryann.Dunbobin@myemail.com'), 
('FG00129','Ms','Barn','Shiel','1978-7-22','M','EC08',462198491520,'83778 Sutteridge Hill','100 52','Sweden','Barn.Shiel@myemail.com'), 
('FG00130','Mrs','Neal','Cooksey','1982-2-14','M','EC09',461324294121,'31 Schmedeman Alley','134 40','Sweden','Neal.Cooksey@myemail.com'), 
('FG00131','Dr','Karin','Figgins','1959-5-22','F','EC10',18431581730,'48752 Spenser Parkway','H4S','Canada','Karin.Figgins@myemail.com'), 
('FG00132','Ms','Brew','GMre','1982-11-18','M','EC11',464841992530,'677 Swallow Road','543 30','Sweden','Brew.GMre@myemail.com'), 
('FG00133','Mrs','Dale','Ford','1957-5-8','M','EC12',461641528075,'700 Sommers Point','113 44','Sweden','Dale.Ford@myemail.com'), 
('FG00134','Dr','Drucill','Swatman','1982-6-22','F','EC13',17172396657,'521 Dunning Crossing','17126','United States','Drucill.Swatman@myemail.com'), 
('FG00135','Dr','Waldon','Hogbourne','1971-3-24','M','EC01',461909530217,'223 Spohn Park','295 37','Sweden','Waldon.Hogbourne@myemail.com'), 
('FG00136','Mr','Arv','Archbell','1966-1-27','M','EC02',13104841961,'51 Kensington Drive','90305','United States','Arv.Archbell@myemail.com'), 
('FG00137','Mr','Florry','Boulde','1965-7-25','F','EC03',7727119586,'7403 Summer Ridge Lane','27620','Malaysia','Florry.Boulde@myemail.com'), 
('FG00138','Mr','Giana','Kleis','1964-5-3','F','EC04',3704841994,'3222 Arapahoe Parkway','46964','Malaysia','Giana.Kleis@myemail.com'), 
('FG00139','Mrs','Angus','Ikins','1990-7-31','M','EC05',18757593261,'2 Manitowish Hill','J8Y','Canada','Angus.Ikins@myemail.com'), 
('FG00140','Mr','Vanni','Mahomet','1989-1-17','F','EC06',7895475618,'58 East Junction','91030','Malaysia','Vanni.Mahomet@myemail.com'), 
('FG00141','Mrs','Glynnis','Dyton','1972-4-22','F','EC07',461679849606,'76 Roth Terrace','122 32','Sweden','Glynnis.Dyton@myemail.com'), 
('FG00142','Dr','Beret','Quinet','1993-11-9','F','EC08',19419548321,'3339 Karstens Drive','34282','United States','Beret.Quinet@myemail.com'), 
('FG00143','Mrs','Margie','Ingley','1989-9-17','F','EC09',14077072800,'04 Starling Junction','34665','United States','Margie.Ingley@myemail.com'), 
('FG00144','Ms','Joellyn','Syalvester','1994-2-26','F','EC10',7258091674,'336 Eagle Crest Drive','75518','Malaysia','Joellyn.Syalvester@myemail.com'), 
('FG00145','Ms','Bernete','Cudworth','1953-7-10','F','EC11',463942882608,'0 Lerdahl Parkway','612 37','Sweden','Bernete.Cudworth@myemail.com'), 
('FG00146','Mrs','Emily','Grosvener','1982-4-10','F','EC12',16274511711,'67570 Loomis Place','P0W','Canada','Emily.Grosvener@myemail.com'), 
('FG00147','Mr','Seline','Gunstone','1963-9-19','F','EC13',445951833171,'48 Nelson Crossing','RG20','United Kingdom','Seline.Gunstone@myemail.com'), 
('FG00148','Mrs','Debee','Dunbabin','1966-10-19','F','EC14',464541286286,'9354 Jay Center','391 21','Sweden','Debee.Dunbabin@myemail.com'), 
('FG00149','Mrs','Delmar','Kevane','1982-5-7','M','EC15',14145625227,'92230 Carey Circle','53263','United States','Delmar.Kevane@myemail.com'), 
('FG00150','Dr','Linn','McTrustey','1954-6-12','F','EC16',468412658690,'634 Parkside Crossing','436 23','Sweden','Linn.McTrustey@myemail.com'), 
('FG00151','Mr','Dorothy','Hardan','1997-3-9','F','EC01',19014529648,'8296 Lunder Way','38150','United States','Dorothy.Hardan@myemail.com'), 
('FG00152','Mr','Antoni','Couve','1970-6-22','M','EC02',496388673793,'0338 Killdeer Junction','81679','Germany','Antoni.Couve@myemail.com'), 
('FG00153','Mrs','Gray','Harcus','1993-4-14','M','EC03',468798551292,'22843 Independence Street','691 21','Sweden','Gray.Harcus@myemail.com'), 
('FG00154','Mrs','Helenelizabeth','Troy','1996-7-16','F','EC04',13527505285,'73224 Forest Dale Lane','B3S','Canada','Helenelizabeth.Troy@myemail.com'), 
('FG00155','Dr','Cindie','Jelkes','1952-11-6','F','EC05',5051198439,'6371 Cottonwood Point','75910','Malaysia','Cindie.Jelkes@myemail.com'), 
('FG00156','Ms','Robinet','Brinsden','1967-4-13','F','EC06',449609011696,'0802 6th Court','L33','United Kingdom','Robinet.Brinsden@myemail.com'), 
('FG00157','Mr','Chen','Gyppes','1974-3-17','M','EC07',462441876291,'7866 Hudson Park','771 31','Sweden','Chen.Gyppes@myemail.com'), 
('FG00158','Mr','Codi','Bramley','1955-9-21','M','EC08',469573663585,'2 Rowland Crossing','449 43','Sweden','Codi.Bramley@myemail.com'), 
('FG00159','Mr','Myca','Hartmann','1955-1-21','M','EC09',17149893533,'1 Moose Crossing','92662','United States','Myca.Hartmann@myemail.com'), 
('FG00160','Dr','Murray','Eliasen','1964-9-7','M','EC10',13601972357,'7497 Badeau Crossing','98158','United States','Murray.Eliasen@myemail.com'), 
('FG00161','Mrs','Genevra','Gallifont','1975-2-26','F','EC11',466829846728,'80781 Laurel Plaza','753 81','Sweden','Genevra.Gallifont@myemail.com'), 
('FG00162','Mrs','Lethia','Soldan','1967-12-8','F','EC12',1708225127,'43 Pankratz Terrace','30674','Malaysia','Lethia.Soldan@myemail.com'), 
('FG00163','Ms','Buddy','La Padula','1951-8-14','M','EC13',18059726009,'4937 Orin Junction','N8M','Canada','Buddy.La Padula@myemail.com'), 
('FG00164','Dr','Rainer','Totton','1954-6-18','M','EC14',6892846477,'56359 Russell Crossing','48100','Malaysia','Rainer.Totton@myemail.com'), 
('FG00165','Mr','Lucretia','Bywaters','1983-10-7','F','EC15',464208041146,'30 Katie Hill','523 90','Sweden','Lucretia.Bywaters@myemail.com'), 
('FG00166','Mr','Shauna','Twiggs','1991-10-29','F','EC16',16157472388,'890 Utah Terrace','37220','United States','Shauna.Twiggs@myemail.com'), 
('FG00167','Mr','Hugibert','Kopke','1966-9-15','M','EC17',463189760067,'52 Jenna Hill','100 73','Sweden','Hugibert.Kopke@myemail.com'), 
('FG00168','Dr','Axe','Jobbing','1962-2-18','M','EC18',492083837008,'6 Elka Drive','44143','Germany','Axe.Jobbing@myemail.com'), 
('FG00169','Ms','Carlo','Ovendon','1989-1-23','M','EC01',12066226391,'6 Anniversary Road','98104','United States','Carlo.Ovendon@myemail.com'), 
('FG00170','Mr','Chariot','Smalles','1988-2-10','M','EC02',1922358056,'4 Debra Court','88861','Malaysia','Chariot.Smalles@myemail.com'), 
('FG00171','Mr','Clarine','Neubigin','1965-11-7','F','EC03',16619621015,'5 Fallview Center','93311','United States','Clarine.Neubigin@myemail.com'), 
('FG00172','Mrs','Coop','Tribbeck','1970-12-10','M','EC04',499351332477,'18989 Havey Road','60435','Germany','Coop.Tribbeck@myemail.com'), 
('FG00173','Dr','Karlik','Baptie','1981-3-14','M','EC05',15516916867,'4 Maple Trail','L4E','Canada','Karlik.Baptie@myemail.com'), 
('FG00174','Mr','Massimo','Adrain','1991-5-3','M','EC06',14028809753,'88 Lyons Parkway','68517','United States','Massimo.Adrain@myemail.com'), 
('FG00175','Mr','Damon','Davys','1977-8-22','M','EC07',3464761804,'625 Florence Terrace','93612','Malaysia','Damon.Davys@myemail.com'), 
('FG00176','Mr','Alexandr','Briscoe','1987-8-8','M','EC08',19184484248,'41 Washington Way','74184','United States','Alexandr.Briscoe@myemail.com'), 
('FG00177','Mrs','Chaunce','Marnes','1979-9-15','M','EC09',13348922268,'50 Corben Junction','36109','United States','Chaunce.Marnes@myemail.com'), 
('FG00178','Mr','Glen','Shimuk','1976-6-1','M','EC10',17125732330,'539 Clemons Trail','51105','United States','Glen.Shimuk@myemail.com'), 
('FG00179','Dr','Gerty','Leber','1966-11-9','F','EC11',465997357252,'385 Hintze Circle','442 53','Sweden','Gerty.Leber@myemail.com'), 
('FG00180','Ms','Dorey','Howell','1954-10-23','M','EC12',14136299285,'6488 Larry Park','1105','United States','Dorey.Howell@myemail.com'), 
('FG00181','Dr','Gram','Jindrich','1971-6-6','M','EC13',17077638894,'80812 Dawn Avenue','95405','United States','Gram.Jindrich@myemail.com'), 
('FG00182','Ms','Delila','Aronoff','1990-6-11','F','EC14',7584334078,'58 Cascade Crossing','6250','Malaysia','Delila.Aronoff@myemail.com'), 
('FG00183','Dr','Binky','Drohane','1976-5-28','M','EC15',5268299624,'510 Surrey Junction','87028','Malaysia','Binky.Drohane@myemail.com'), 
('FG00184','Dr','Clayborne','Muino','1985-4-18','M','EC16',14239179652,'45 Marcy Drive','J5X','Canada','Clayborne.Muino@myemail.com'), 
('FG00185','Mr','Sherwynd','Ivimy','1987-3-30','M','EC17',465114407325,'0 Crownhardt Trail','857 42','Sweden','Sherwynd.Ivimy@myemail.com'), 
('FG00186','Dr','Astra','Leipnik','1979-12-16','F','EC18',493691957469,'4221 Northview Drive','50935','Germany','Astra.Leipnik@myemail.com'), 
('FG00187','Dr','Paulita','Mengue','1951-9-15','F','EC01',444604321823,'174 Loftsgordon Plaza','BS41','United Kingdom','Paulita.Mengue@myemail.com'), 
('FG00188','Mr','Trumaine','Beckson','1954-3-30','M','EC02',18132877220,'60823 Norway Maple Trail','33661','United States','Trumaine.Beckson@myemail.com'), 
('FG00189','Dr','Jory','Faull','1991-5-22','M','EC03',494856086060,'5 Lien Circle','6126','Germany','Jory.Faull@myemail.com'), 
('FG00190','Dr','Daniel','Duggen','1979-4-5','M','EC04',18194036633,'032 Iowa Point','G8M','Canada','Daniel.Duggen@myemail.com'), 
('FG00191','Dr','Hedvig','Tyres','1995-8-29','F','EC05',462843792974,'54 Fisk Parkway','894 31','Sweden','Hedvig.Tyres@myemail.com'), 
('FG00192','Dr','Florian','Shortall','1996-3-1','M','EC06',467564778999,'2863 Mockingbird Alley','921 41','Sweden','Florian.Shortall@myemail.com'), 
('FG00193','Mr','Nikolos','Death','1985-7-21','M','EC07',467113467487,'3 Barnett Pass','121 48','Sweden','Nikolos.Death@myemail.com'), 
('FG00194','Mrs','Vera','Hastewell','1987-4-18','F','EC08',16475955750,'631 Warbler Street','V9L','Canada','Vera.Hastewell@myemail.com'), 
('FG00195','Dr','Borden','Winstanley','1955-7-17','M','EC09',462694089437,'9 David Drive','163 62','Sweden','Borden.Winstanley@myemail.com'), 
('FG00196','Mr','Carver','Bottby','1982-7-6','M','EC10',13664456256,'8 Pond Road','T7N','Canada','Carver.Bottby@myemail.com'), 
('FG00197','Mr','Concettina','Cleave','1960-9-21','F','EC11',16956557726,'42606 Roth Plaza','N2E','Canada','Concettina.Cleave@myemail.com'), 
('FG00198','Dr','Godiva','Wigg','1971-9-16','F','EC12',463195448769,'9887 Derek Plaza','691 26','Sweden','Godiva.Wigg@myemail.com'), 
('FG00199','Mr','Ronnie','Steaning','1983-8-11','M','EC13',19501941538,'1 Westport Court','V7A','Canada','Ronnie.Steaning@myemail.com'), 
('FG00200','Dr','Eben','Benesevich','1965-7-9','M','EC14',18321256474,'3 Kim Pass','77090','United States','Eben.Benesevich@myemail.com'), 
('FG00201','Mrs','Pattin','Ross','1951-12-17','M','EC15',16268442015,'22 Melvin Center','90605','United States','Pattin.Ross@myemail.com'), 
('FG00202','Ms','Hersh','Reynish','1999-11-26','M','EC16',1415982236,'1 Spohn Drive','75586','Malaysia','Hersh.Reynish@myemail.com'), 
('FG00203','Mrs','Ethelin','Hanselmann','1957-12-5','F','EC01',467194015876,'92 Lyons Park','633 47','Sweden','Ethelin.Hanselmann@myemail.com'), 
('FG00204','Ms','Currey','Karadzas','1977-8-9','M','EC02',466226102209,'669 Walton Parkway','449 43','Sweden','Currey.Karadzas@myemail.com'), 
('FG00205','Mr','Aube','Widdocks','1950-3-25','M','EC03',8271536871,'850 Lawn Street','30592','Malaysia','Aube.Widdocks@myemail.com'), 
('FG00206','Mr','Tailor','Hassall','1960-12-21','M','EC04',12055534537,'06 Ryan Junction','35205','United States','Tailor.Hassall@myemail.com'), 
('FG00207','Ms','Charla','Drew','1950-1-17','F','EC05',16029930567,'4450 Namekagon Parkway','85099','United States','Charla.Drew@myemail.com'), 
('FG00208','Mr','Karel','Circuit','1970-11-4','F','EC06',12981435622,'408 Esker Crossing','S4H','Canada','Karel.Circuit@myemail.com'), 
('FG00209','Mr','Trumann','Bertrand','1976-2-16','M','EC07',14197883101,'0202 Arapahoe Alley','43666','United States','Trumann.Bertrand@myemail.com'), 
('FG00210','Mrs','Danette','Cron','2000-3-7','F','EC08',462028922618,'97696 Jenna Alley','432 51','Sweden','Danette.Cron@myemail.com'), 
('FG00211','Ms','Jessamine','Fennick','1983-2-11','F','EC09',462394155511,'37558 Jana Park','300 10','Sweden','Jessamine.Fennick@myemail.com'), 
('FG00212','Mr','Hartwell','Clemmow','1999-2-3','M','EC10',18156581288,'4 Basil Court','60435','United States','Hartwell.Clemmow@myemail.com'), 
('FG00213','Mrs','Porter','Cottem','1954-8-18','M','EC11',468099519607,'14578 Comanche Terrace','635 01','Sweden','Porter.Cottem@myemail.com'), 
('FG00214','Mr','Carolann','Mc Combe','2000-12-3','F','EC12',4969444809,'46 Hermina Place','88512','Malaysia','Carolann.Mc Combe@myemail.com'), 
('FG00215','Ms','Xylina','Shipston','1981-9-29','F','EC13',468461062497,'3777 Dorton Road','256 62','Sweden','Xylina.Shipston@myemail.com'), 
('FG00216','Mr','Fernanda','Kernocke','1985-12-4','F','EC14',15859103594,'7 Towne Terrace','14652','United States','Fernanda.Kernocke@myemail.com'), 
('FG00217','Ms','Hanson','Kohn','1984-8-30','M','EC15',2043555437,'9 Lakeland Street','50943','Malaysia','Hanson.Kohn@myemail.com'), 
('FG00218','Dr','Ricki','Yerrill','1969-5-27','M','EC16',16031886443,'7408 Harper Crossing','J3V','Canada','Ricki.Yerrill@myemail.com'), 
('FG00219','Ms','Correy','Cissen','1985-1-7','M','EC17',2824829061,'931 Browning Court','70690','Malaysia','Correy.Cissen@myemail.com'), 
('FG00220','Dr','Kimmi','Pardon','1977-10-15','F','EC18',15124578738,'4308 Magdeline Road','78764','United States','Kimmi.Pardon@myemail.com'), 
('FG00221','Dr','Willi','Izaks','2000-8-19','F','EC01',9356640018,'2044 Washington Place','75503','Malaysia','Willi.Izaks@myemail.com'), 
('FG00222','Mr','Marcus','Scadding','1979-12-30','M','EC02',19827845693,'61474 Birchwood Center','H9J','Canada','Marcus.Scadding@myemail.com'), 
('FG00223','Mr','Dee dee','Schimann','1998-2-15','F','EC03',17168005976,'6 Barnett Way','14225','United States','Dee dee.Schimann@myemail.com'), 
('FG00224','Dr','Lancelot','Papierz','1978-6-25','M','EC04',17579915067,'1342 Bunker Hill Street','23459','United States','Lancelot.Papierz@myemail.com'), 
('FG00225','Dr','Amandy','Trunby','2000-4-12','F','EC05',494673782186,'7 Hollow Ridge Avenue','6126','Germany','Amandy.Trunby@myemail.com'), 
('FG00226','Mr','Darla','Bellwood','1995-7-27','F','EC06',4757437590,'225 Ohio Place','25508','Malaysia','Darla.Bellwood@myemail.com'), 
('FG00227','Mr','Penny','Dillingston','1961-4-17','F','EC07',15936821081,'320 Mcbride Center','J3M','Canada','Penny.Dillingston@myemail.com'), 
('FG00228','Mr','Mitchel','Brenard','1991-4-10','M','EC08',16152459254,'97568 Linden Circle','37245','United States','Mitchel.Brenard@myemail.com'), 
('FG00229','Ms','Mela','Mrill','1994-5-17','F','EC09',16016629677,'12335 School Street','M3H','Canada','Mela.Mrill@myemail.com'), 
('FG00230','Mrs','Sherman','Schneidar','1993-4-15','M','EC10',18816478696,'17176 Sage Alley','G8V','Canada','Sherman.Schneidar@myemail.com'), 
('FG00231','Ms','Joyous','Milius','1969-2-23','F','EC11',2299690523,'7 Old Shore Alley','41918','Malaysia','Joyous.Milius@myemail.com'), 
('FG00232','Dr','Steffane','Kayzer','1984-8-11','F','EC12',8923373351,'4598 Coolidge Circle','88817','Malaysia','Steffane.Kayzer@myemail.com'), 
('FG00233','Ms','Nial','Rait','1995-7-24','M','EC13',461413080592,'824 International Crossing','731 27','Sweden','Nial.Rait@myemail.com'), 
('FG00234','Dr','Franchot','Roggerone','1967-3-9','M','EC14',18034429779,'074 Brown Way','T9J','Canada','Franchot.Roggerone@myemail.com'), 
('FG00235','Mr','Dick','Nabbs','1972-5-9','M','EC15',447356079805,'4944 Hermina Avenue','BS14','United Kingdom','Dick.Nabbs@myemail.com'), 
('FG00236','Mr','Raymond','Cawsy','1979-1-24','M','EC16',461588829957,'855 Upham Place','101 22','Sweden','Raymond.Cawsy@myemail.com'), 
('FG00237','Mrs','Fabien','Playden','1973-10-12','M','EC17',19193203773,'919 Rutledge Junction','27710','United States','Fabien.Playden@myemail.com'), 
('FG00238','Ms','Garold','Strass','1955-5-14','M','EC18',7459094812,'9 Pawling Hill','88847','Malaysia','Garold.Strass@myemail.com'), 
('FG00239','Dr','Kaylyn','McCrackan','1970-12-9','F','EC01',17465890034,'6043 Cordelia Center','E2L','Canada','Kaylyn.McCrackan@myemail.com'), 
('FG00240','Mrs','Clem','Scholfield','1993-3-24','M','EC02',463029706956,'4 Arkansas Drive','652 22','Sweden','Clem.Scholfield@myemail.com'), 
('FG00241','Ms','Melonie','Corro','1951-11-14','F','EC03',17578101144,'652 Harper Point','23605','United States','Melonie.Corro@myemail.com'), 
('FG00242','Dr','Butch','Dunbobbin','1992-2-21','M','EC04',499714339446,'3506 Stone Corner Point','9116','Germany','Butch.Dunbobbin@myemail.com'), 
('FG00243','Ms','Tyler','Mompesson','1992-10-10','M','EC05',497687848906,'63274 Quincy Alley','21037','Germany','Tyler.Mompesson@myemail.com'), 
('FG00244','Dr','Timmy','Hawker','1954-3-28','F','EC06',466822465637,'035 Hoard Crossing','973 41','Sweden','Timmy.Hawker@myemail.com'), 
('FG00245','Dr','Polly','Truter','1975-5-28','F','EC07',2335416352,'953 Petterle Circle','88628','Malaysia','Polly.Truter@myemail.com'), 
('FG00246','Mr','El','Benzing','1994-5-29','M','EC08',16148593745,'44959 John Wall Park','43240','United States','El.Benzing@myemail.com'), 
('FG00247','Ms','Amara','Bush','1982-8-14','F','EC09',12396753766,'56 Mandrake Court','33994','United States','Amara.Bush@myemail.com'), 
('FG00248','Mr','Cornall','Larwood','1951-3-18','M','EC10',18739467593,'1938 Butterfield Plaza','G2B','Canada','Cornall.Larwood@myemail.com'), 
('FG00249','Mrs','Stevena','Slowcock','1996-2-16','F','EC11',6002965723,'836 Meadow Vale Way','15540','Malaysia','Stevena.Slowcock@myemail.com'), 
('FG00250','Dr','Callean','Churches','1986-5-31','M','EC12',17707478667,'67089 Moose Drive','30328','United States','Callean.Churches@myemail.com'), 
('FG00251','Mr','Clair','Corriea','1956-7-19','M','EC13',463088492727,'87 Leroy Park','162 55','Sweden','Clair.Corriea@myemail.com'), 
('FG00252','Ms','Timothee','Lymer','1966-4-1','M','EC14',469522637785,'39 Rusk Road','331 54','Sweden','Timothee.Lymer@myemail.com'), 
('FG00253','Dr','Daune','Blincow','1995-12-14','F','EC15',14856580822,'062 Victoria Trail','G6W','Canada','Daune.Blincow@myemail.com'), 
('FG00254','Mrs','Ainslie','Elgy','1990-4-23','F','EC16',495044423588,'51890 Colorado Lane','47239','Germany','Ainslie.Elgy@myemail.com'), 
('FG00255','Mr','Hadrian','Gruczka','1972-1-25','M','EC17',14018089197,'02 Fallview Drive','G6G','Canada','Hadrian.Gruczka@myemail.com'), 
('FG00256','Dr','Asia','Towns','1987-7-6','F','EC18',462597671405,'9510 Maywood Way','462 22','Sweden','Asia.Towns@myemail.com'), 
('FG00257','Mrs','Annetta','Lumbly','1978-11-19','F','EC01',19521034625,'200 Arapahoe Plaza','55579','United States','Annetta.Lumbly@myemail.com'), 
('FG00258','Mr','Brant','Sifleet','1963-5-5','M','EC02',3357461680,'212 Artisan Alley','10550','Malaysia','Brant.Sifleet@myemail.com'), 
('FG00259','Mr','Theodora','Winsbury','1980-4-14','F','EC03',13873973859,'95952 Vernon Court','V8S','Canada','Theodora.Winsbury@myemail.com'), 
('FG00260','Dr','Andres','Guiel','2000-12-23','M','EC04',18431436552,'1412 Homewood Park','29905','United States','Andres.Guiel@myemail.com'), 
('FG00261','Mrs','Gorden','Castledine','1990-9-19','M','EC05',18898024238,'026 Eggendart Street','M4N','Canada','Gorden.Castledine@myemail.com'), 
('FG00262','Mr','Dominga','Von Welden','1986-10-1','F','EC06',463589577446,'7856 Norway Maple Way','802 85','Sweden','Dominga.Von Welden@myemail.com'), 
('FG00263','Dr','Berkeley','Murkitt','1962-9-17','M','EC07',8338340711,'9 Red Cloud Street','47307','Malaysia','Berkeley.Murkitt@myemail.com'), 
('FG00264','Ms','Morgan','Maron','1987-11-4','M','EC08',18475743163,'468 Armistice Road','E6G','Canada','Morgan.Maron@myemail.com'), 
('FG00265','Dr','Dotti','Ackery','1997-2-15','F','EC09',4096542490,'18 Hanson Lane','50913','Malaysia','Dotti.Ackery@myemail.com'), 
('FG00266','Mr','Dorolice','Ornillos','1969-2-8','F','EC10',7817209996,'1290 Texas Center','20551','Malaysia','Dorolice.Ornillos@myemail.com'), 
('FG00267','Mrs','Quillan','Vowell','1972-1-16','M','EC11',465891412700,'5 Elka Terrace','302 30','Sweden','Quillan.Vowell@myemail.com'), 
('FG00268','Ms','Daryl','Totton','1958-2-26','F','EC12',463176646301,'07912 Pine View Hill','823 80','Sweden','Daryl.Totton@myemail.com'), 
('FG00269','Mr','Benni','Spooner','1962-1-27','F','EC13',15029573735,'3 Waubesa Avenue','40293','United States','Benni.Spooner@myemail.com'), 
('FG00270','Dr','Kessia','Rampton','1970-9-5','F','EC14',465416848813,'486 Shasta Junction','100 73','Sweden','Kessia.Rampton@myemail.com'), 
('FG00271','Mrs','Laurena','Malcolmson','1977-12-18','F','EC15',16028558066,'91 Scofield Hill','85030','United States','Laurena.Malcolmson@myemail.com'), 
('FG00272','Mr','Kimbell','Pisculli','1954-5-18','M','EC16',16196055208,'56 Mcguire Alley','92191','United States','Kimbell.Pisculli@myemail.com'), 
('FG00273','Mrs','Anderson','Gon','1971-12-5','M','EC17',16308756968,'6958 Petterle Plaza','V5M','Canada','Anderson.Gon@myemail.com'), 
('FG00274','Dr','Welbie','Giacobini','1960-3-4','M','EC18',14716331688,'93 Canary Hill','V7Y','Canada','Welbie.Giacobini@myemail.com'), 
('FG00275','Ms','Darcy','Gooda','1977-2-15','F','EC01',19712680914,'7971 Arkansas Drive','97271','United States','Darcy.Gooda@myemail.com'), 
('FG00276','Mrs','Nerti','McGonigal','1970-1-4','F','EC02',467297813749,'73914 Memorial Road','711 82','Sweden','Nerti.McGonigal@myemail.com'), 
('FG00277','Mr','Cross','Thunnerclef','1968-9-17','M','EC03',15555969226,'5478 Sullivan Parkway','T5Y','Canada','Cross.Thunnerclef@myemail.com'), 
('FG00278','Mr','Terza','Peabody','1952-4-17','F','EC04',9547460472,'17226 Summer Ridge Alley','46675','Malaysia','Terza.Peabody@myemail.com'), 
('FG00279','Ms','Gibby','Wedgbrow','1973-12-17','M','EC05',13472561670,'45859 Doe Crossing Park','B2G','Canada','Gibby.Wedgbrow@myemail.com'), 
('FG00280','Ms','Phillida','Elmar','1950-5-3','F','EC06',6832518704,'9 Maple Parkway','30554','Malaysia','Phillida.Elmar@myemail.com'), 
('FG00281','Mr','Dal','Bletsor','1955-8-18','M','EC07',461911164162,'50475 Mesta Point','182 57','Sweden','Dal.Bletsor@myemail.com'), 
('FG00282','Ms','Helli','Rasmus','1993-4-4','F','EC08',17706313218,'71058 Granby Crossing','30323','United States','Helli.Rasmus@myemail.com'), 
('FG00283','Mr','EMe','Wakerley','1995-9-23','F','EC09',463948483522,'94568 Lakewood Way','586 63','Sweden','EMe.Wakerley@myemail.com'), 
('FG00284','Mr','Dulcine','Kunath','2000-5-7','F','EC10',467765395609,'5944 Manitowish Avenue','501 78','Sweden','Dulcine.Kunath@myemail.com'), 
('FG00285','Mrs','Guinna','Lindstedt','1961-6-16','F','EC11',13153688698,'709 Mayfield Alley','14614','United States','Guinna.Lindstedt@myemail.com'), 
('FG00286','Mr','Patrizia','Blann','1952-8-3','F','EC12',464608511197,'00 Derek Street','117 97','Sweden','Patrizia.Blann@myemail.com'), 
('FG00287','Dr','Duky','Hodjetts','1985-2-17','M','EC13',13103250155,'890 Ridge Oak Plaza','90305','United States','Duky.Hodjetts@myemail.com'), 
('FG00288','Ms','Shanan','Adelberg','1964-6-1','M','EC14',467162566437,'202 Muir Parkway','133 41','Sweden','Shanan.Adelberg@myemail.com'), 
('FG00289','Mrs','Miltie','Le Grys','1977-7-30','M','EC15',465985381018,'520 Carberry Park','434 43','Sweden','Miltie.Le Grys@myemail.com'), 
('FG00290','Mrs','Robbi','Dowe','1998-2-28','F','EC16',464575711661,'9039 Acker Street','405 16','Sweden','Robbi.Dowe@myemail.com'), 
('FG00291','Mr','Arv','Divell','1967-10-27','M','EC17',463024697776,'96 Chinook Center','774 24','Sweden','Arv.Divell@myemail.com'), 
('FG00292','Mr','Essie','Staterfield','1951-8-18','F','EC18',8381084838,'91938 Anhalt Alley','15670','Malaysia','Essie.Staterfield@myemail.com'), 
('FG00293','Mrs','Garrot','Mackinder','1991-9-25','M','EC01',14803604384,'4876 Manitowish Road','85246','United States','Garrot.Mackinder@myemail.com'), 
('FG00294','Mr','Cori','Cottill','1960-6-9','F','EC02',14875018438,'36156 Mesta Park','V9L','Canada','Cori.Cottill@myemail.com'), 
('FG00295','Dr','Blondy','Giles','1967-9-25','F','EC03',14341509906,'94179 Lien Park','27705','United States','Blondy.Giles@myemail.com'), 
('FG00296','Ms','Lotte','Udall','1970-6-4','F','EC04',11858516644,'31 Reinke Center','G5R','Canada','Lotte.Udall@myemail.com'), 
('FG00297','Dr','Elspeth','McGilleghole','1978-5-12','F','EC05',463632611933,'361 Green Terrace','981 31','Sweden','Elspeth.McGilleghole@myemail.com'), 
('FG00298','Mr','Arlen','Adicot','1958-11-2','M','EC06',13362776562,'8 Mosinee Circle','27404','United States','Arlen.Adicot@myemail.com'), 
('FG00299','Mr','Eba','Claybourn','1962-5-27','F','EC07',18018540677,'86441 Bluejay Junction','84170','United States','Eba.Claybourn@myemail.com'), 
('FG00300','Ms','Levy','Vennart','1987-11-15','M','EC08',462585952452,'15274 Havey Terrace','403 20','Sweden','Levy.Vennart@myemail.com'), 
('FG00301','Mr','Beatrice','MacIan','1982-11-20','F','EC09',446643264448,'6966 Harbort Point','LS6','United Kingdom','Beatrice.MacIan@myemail.com'), 
('FG00302','Mr','Silvester','Blastock','1996-11-13','M','EC10',498685035161,'306 Arkansas Hill','44869','Germany','Silvester.Blastock@myemail.com'), 
('FG00303','Mrs','Rodolph','Fullstone','1964-7-28','M','EC11',11449577697,'48 Jackson Terrace','J5X','Canada','Rodolph.Fullstone@myemail.com'), 
('FG00304','Mr','Neddy','Gritland','1996-3-10','M','EC12',7168855759,'40602 Melody Center','70644','Malaysia','Neddy.Gritland@myemail.com'), 
('FG00305','Ms','Jordain','Finnemore','1968-6-10','F','EC13',1767562219,'9 Sheridan Parkway','25646','Malaysia','Jordain.Finnemore@myemail.com'), 
('FG00306','Mrs','Bald','Gallihawk','1953-5-22','M','EC14',14065423371,'6 Havey Alley','59112','United States','Bald.Gallihawk@myemail.com'), 
('FG00307','Ms','Cassaundra','Skilton','1992-12-25','F','EC15',12507126160,'632 Ludington Pass','V2X','Canada','Cassaundra.Skilton@myemail.com'), 
('FG00308','Dr','Englebert','Learmonth','1987-12-22','M','EC16',18957693313,'73 Hauk Street','G6W','Canada','Englebert.Learmonth@myemail.com'), 
('FG00309','Mr','Barbaraanne','Okill','1964-11-16','F','EC17',1237276313,'7 Westend Way','46964','Malaysia','Barbaraanne.Okill@myemail.com'), 
('FG00310','Mr','Demetrius','Colleton','1999-10-4','M','EC18',11614816641,'2 Fair Oaks Alley','J4X','Canada','Demetrius.Colleton@myemail.com'), 
('FG00311','Mr','Meryl','Sommer','1956-10-4','M','EC01',13471567815,'52 Garrison Drive','G5B','Canada','Meryl.Sommer@myemail.com'), 
('FG00312','Ms','Britni','Lowndesbrough','1957-6-13','F','EC02',469065541361,'45611 Pearson Junction','127 86','Sweden','Britni.Lowndesbrough@myemail.com'), 
('FG00313','Mrs','Malchy','Hugill','1977-1-15','M','EC03',1301438544,'9612 Petterle Center','1606','Malaysia','Malchy.Hugill@myemail.com'), 
('FG00314','Mrs','Irving','Ram','1957-5-28','M','EC04',16172547816,'4 Meadow Valley Lane','1905','United States','Irving.Ram@myemail.com'), 
('FG00315','Ms','Teena','Dawby','1957-5-29','F','EC05',17606464230,'8035 John Wall Lane','92127','United States','Teena.Dawby@myemail.com'), 
('FG00316','Dr','Dannie','Haugg','1951-8-7','M','EC06',19159615648,'16 Mccormick Crossing','79934','United States','Dannie.Haugg@myemail.com'), 
('FG00317','Mr','Muire','Olivia','1963-6-28','F','EC07',18648903006,'2 Veith Pass','29305','United States','Muire.Olivia@myemail.com'), 
('FG00318','Ms','Moreen','Thornthwaite','1998-1-21','F','EC08',468493676491,'375 Victoria Pass','904 04','Sweden','Moreen.Thornthwaite@myemail.com'), 
('FG00319','Mr','Arv','Passo','1962-9-8','M','EC09',465013458939,'92 Troy Drive','169 30','Sweden','Arv.Passo@myemail.com'), 
('FG00320','Ms','Elisha','Boyland','1951-7-30','F','EC10',16143539001,'1930 Stone Corner Park','43220','United States','Elisha.Boyland@myemail.com'), 
('FG00321','Dr','Annabell','Doxsey','1956-7-22','F','EC11',12051243927,'7 Marcy Court','35236','United States','Annabell.Doxsey@myemail.com'), 
('FG00322','Dr','Marve','Breitler','1987-6-15','M','EC12',463877673507,'42 John Wall Alley','165 60','Sweden','Marve.Breitler@myemail.com'), 
('FG00323','Mr','Adler','Dowling','1971-11-10','M','EC13',17178957858,'0136 Mccormick Avenue','E4P','Canada','Adler.Dowling@myemail.com'), 
('FG00324','Mr','Chrotoem','Gorriessen','1981-5-10','M','EC14',499136952975,'76261 Arkansas Drive','40215','Germany','Chrotoem.Gorriessen@myemail.com'), 
('FG00325','Mrs','Bernardine','Castelain','1965-9-4','F','EC15',461534804564,'57810 Alpine Trail','341 23','Sweden','Bernardine.Castelain@myemail.com'), 
('FG00326','Mr','Derron','Baltzar','1984-2-16','M','EC16',18132401696,'26 Dwight Alley','33673','United States','Derron.Baltzar@myemail.com'), 
('FG00327','Dr','Piotr','Di Roberto','1994-11-7','M','EC17',463952365301,'1569 Melody Circle','172 23','Sweden','Piotr.Di Roberto@myemail.com'), 
('FG00328','Mrs','Kimble','Kencott','1998-3-18','M','EC18',465542180571,'9 Drewry Alley','721 57','Sweden','Kimble.Kencott@myemail.com'), 
('FG00329','Ms','Yorgos','Lackmann','1961-11-21','M','EC01',2497294078,'17 Loomis Lane','16070','Malaysia','Yorgos.Lackmann@myemail.com'), 
('FG00330','Dr','Meredeth','Hammerberg','1996-5-15','M','EC02',16155658595,'2663 Mayer Pass','37245','United States','Meredeth.Hammerberg@myemail.com'), 
('FG00331','Dr','Ivett','Lippo','1997-9-23','F','EC03',464183709102,'5201 Lawn Place','125 71','Sweden','Ivett.Lippo@myemail.com'), 
('FG00332','Ms','Reuven','Rudolph','1993-11-2','M','EC04',462246270164,'208 Sage Hill','781 81','Sweden','Reuven.Rudolph@myemail.com'), 
('FG00333','Dr','Roxie','Pearcehouse','1964-2-20','F','EC05',469533633686,'90663 Dapin Avenue','111 76','Sweden','Roxie.Pearcehouse@myemail.com'), 
('FG00334','Ms','Tedi','Crigin','1953-12-19','F','EC06',19046685297,'11 6th Circle','32277','United States','Tedi.Crigin@myemail.com'), 
('FG00335','Dr','Elton','Worpole','1995-6-15','M','EC07',7985448748,'66 Scoville Way','80500','Malaysia','Elton.Worpole@myemail.com'), 
('FG00336','Dr','Wells','Beert','1973-9-24','M','EC08',11703833761,'2 Emmet Parkway','J1S','Canada','Wells.Beert@myemail.com'), 
('FG00337','Dr','Gunilla','Icke','1964-2-1','F','EC09',14025207577,'83805 Debra Pass','68105','United States','Gunilla.Icke@myemail.com'), 
('FG00338','Dr','Rosita','Allix','1988-4-22','F','EC10',469244415711,'0 Esch Pass','101 56','Sweden','Rosita.Allix@myemail.com'), 
('FG00339','Mr','Amye','Nicholls','1965-2-17','F','EC11',461762101313,'26 Everett Pass','519 81','Sweden','Amye.Nicholls@myemail.com'), 
('FG00340','Mr','Ravi','Fishpoole','1998-11-27','M','EC12',13934717893,'6613 Red Cloud Pass','G5R','Canada','Ravi.Fishpoole@myemail.com'), 
('FG00341','Mr','Boyd','Pre','1987-6-2','M','EC13',464022178861,'05808 Forest Court','171 14','Sweden','Boyd.Pre@myemail.com'), 
('FG00342','Dr','Kahaleel','Gregolotti','1990-7-18','M','EC14',463083945225,'3 Bunting Lane','135 55','Sweden','Kahaleel.Gregolotti@myemail.com'), 
('FG00343','Mr','Goldina','Polon','1962-3-13','F','EC15',13077547994,'404 Vermont Center','82007','United States','Goldina.Polon@myemail.com'), 
('FG00344','Dr','Flynn','Ehrat','1957-6-18','M','EC16',17198154892,'6 School Junction','80945','United States','Flynn.Ehrat@myemail.com'), 
('FG00345','Ms','Haydon','Orbon','1993-10-29','M','EC17',495983010756,'9350 Dayton Center','30453','Germany','Haydon.Orbon@myemail.com'), 
('FG00346','Mr','Anthony','Keegan','1955-11-30','M','EC18',9795383590,'6 Anthes Court','50566','Malaysia','Anthony.Keegan@myemail.com'), 
('FG00347','Dr','Daisy','McTear','1984-3-14','F','EC01',18012569463,'3 Emmet Hill','84125','United States','Daisy.McTear@myemail.com'), 
('FG00348','Dr','Muffin','Tamplin','1982-12-5','M','EC02',19047195501,'1 Sunfield Court','32209','United States','Muffin.Tamplin@myemail.com'), 
('FG00349','Mr','Faythe','Pawson','1995-3-12','F','EC03',17183653799,'13635 Blue Bill Park Pass','10310','United States','Faythe.Pawson@myemail.com'), 
('FG00350','Ms','Mirelle','Heersma','1997-7-29','F','EC04',462253907725,'91396 Oak Center','443 14','Sweden','Mirelle.Heersma@myemail.com'), 
('FG00351','Ms','Timmi','Billings','2000-1-30','F','EC05',462063595309,'320 Welch Hill','101 37','Sweden','Timmi.Billings@myemail.com'), 
('FG00352','Mr','Arnuad','MacInerney','1966-11-28','M','EC06',461114629135,'5 Northview Park','442 40','Sweden','Arnuad.MacInerney@myemail.com'), 
('FG00353','Dr','Christal','Whitby','1981-10-2','F','EC07',13081805434,'64 Dayton Road','S9A','Canada','Christal.Whitby@myemail.com'), 
('FG00354','Mr','Saul','Jerrard','1988-2-28','M','EC08',15019478993,'39 Sheridan Park','72204','United States','Saul.Jerrard@myemail.com'), 
('FG00355','Mr','Paxon','Buttner','1962-9-16','M','EC09',447485332821,'92667 Farwell Parkway','S33','United Kingdom','Paxon.Buttner@myemail.com'), 
('FG00356','Mrs','Vail','Charlick','2000-4-28','M','EC10',19428166768,'0761 Sugar Avenue','A0A','Canada','Vail.Charlick@myemail.com'), 
('FG00357','Dr','Katinka','Bowgen','1951-3-13','F','EC11',13988432374,'1 Mifflin Terrace','H9P','Canada','Katinka.Bowgen@myemail.com'), 
('FG00358','Dr','Sonia','Skittreal','1976-3-19','F','EC12',7645324487,'03 Haas Avenue','5672','Malaysia','Sonia.Skittreal@myemail.com'), 
('FG00359','Mrs','Ariana','Andreutti','1968-9-11','F','EC13',19648062623,'89955 Moland Court','G5B','Canada','Ariana.Andreutti@myemail.com'), 
('FG00360','Dr','Tandi','Daffern','1996-4-24','F','EC14',15241310159,'7151 Cottonwood Hill','K7A','Canada','Tandi.Daffern@myemail.com'), 
('FG00361','Dr','Zola','MacRierie','1962-7-6','F','EC15',468545107867,'9951 Vernon Alley','431 10','Sweden','Zola.MacRierie@myemail.com'), 
('FG00362','Mr','Tan','Heningam','1995-12-27','M','EC16',19017099306,'73 Linden Road','38126','United States','Tan.Heningam@myemail.com'), 
('FG00363','Mrs','Emmye','Clarae','1985-9-4','F','EC17',17224740263,'0993 Charing Cross Way','A8A','Canada','Emmye.Clarae@myemail.com'), 
('FG00364','Dr','Ollie','La Batie','1961-3-26','F','EC18',19148095654,'944 Express Plaza','10705','United States','Ollie.La Batie@myemail.com'), 
('FG00365','Mr','Avrom','Anderl','1988-3-30','M','EC01',462504900522,'054 High Crossing Terrace','504 67','Sweden','Avrom.Anderl@myemail.com'), 
('FG00366','Dr','Crichton','Titchard','1997-12-17','M','EC02',497857684652,'21 Gale Hill','53129','Germany','Crichton.Titchard@myemail.com'), 
('FG00367','Mrs','Alleyn','Dunlap','1961-6-24','M','EC03',466555127918,'100 Corben Way','423 55','Sweden','Alleyn.Dunlap@myemail.com'), 
('FG00368','Mrs','Bernette','Sandifer','1961-11-21','F','EC04',449101154572,'00 International Way','OX12','United Kingdom','Bernette.Sandifer@myemail.com'), 
('FG00369','Dr','Antin','Shergill','1953-5-14','M','EC05',462913391176,'644 Westridge Way','792 52','Sweden','Antin.Shergill@myemail.com'), 
('FG00370','Ms','Mamie','Rosenstein','1985-1-14','F','EC06',15042740696,'5424 Manitowish Way','70149','United States','Mamie.Rosenstein@myemail.com'), 
('FG00371','Mr','Gardie','Cobbold','1996-2-20','M','EC07',495834758947,'5 International Drive','72768','Germany','Gardie.Cobbold@myemail.com'), 
('FG00372','Mr','Kaia','Felipe','1960-5-6','F','EC08',12023282026,'3171 Sachtjen Place','20067','United States','Kaia.Felipe@myemail.com'), 
('FG00373','Mrs','Dixie','Cannon','1982-12-6','F','EC09',493178329233,'5296 La Follette Hill','67067','Germany','Dixie.Cannon@myemail.com'), 
('FG00374','Dr','Zeb','Lambshine','1954-1-24','M','EC10',18011189696,'2453 Erie Park','84170','United States','Zeb.Lambshine@myemail.com'), 
('FG00375','Ms','Alexandra','Shadrach','1995-4-27','F','EC11',467957016578,'607 Lake View Road','468 82','Sweden','Alexandra.Shadrach@myemail.com'), 
('FG00376','Dr','Camellia','Norvel','1953-2-17','F','EC12',19046996400,'01356 Thierer Pass','32244','United States','Camellia.Norvel@myemail.com'), 
('FG00377','Mrs','Elberta','Brauner','1991-1-11','F','EC13',466159245692,'61403 Clove Plaza','661 24','Sweden','Elberta.Brauner@myemail.com'), 
('FG00378','Dr','Kelsey','Poxton','1953-9-25','F','EC14',16321542828,'03 Sommers Circle','K7A','Canada','Kelsey.Poxton@myemail.com'), 
('FG00379','Mr','Delainey','Lanfere','1952-4-12','M','EC15',16827161721,'0 Melody Pass','76110','United States','Delainey.Lanfere@myemail.com'), 
('FG00380','Mr','Marris','Kislingbury','1952-3-11','F','EC16',464521801222,'83725 North Junction','519 81','Sweden','Marris.Kislingbury@myemail.com'), 
('FG00381','Dr','Eugine','Rathjen','1973-10-7','F','EC17',1365802000,'0986 Hanson Terrace','88758','Malaysia','Eugine.Rathjen@myemail.com'), 
('FG00382','Mr','Woody','Grogono','1986-11-5','M','EC18',15654660765,'0867 Bellgrove Pass','J7R','Canada','Woody.Grogono@myemail.com'), 
('FG00383','Mrs','Bealle','Dowe','1997-5-25','M','EC01',17191510404,'436 John Wall Junction','80905','United States','Bealle.Dowe@myemail.com'), 
('FG00384','Mr','Emilee','Fitzsymon','1964-7-5','F','EC02',493344547990,'862 Burrows Parkway','47139','Germany','Emilee.Fitzsymon@myemail.com'), 
('FG00385','Dr','Lindon','Callaghan','1957-10-22','M','EC03',2661854190,'5288 Eliot Center','50634','Malaysia','Lindon.Callaghan@myemail.com'), 
('FG00386','Mrs','Freida','Keneforde','1978-9-29','F','EC04',9458604201,'1994 Paget Plaza','50943','Malaysia','Freida.Keneforde@myemail.com'), 
('FG00387','Mr','Burl','Goschalk','1951-7-16','M','EC05',464536554899,'136 Saint Paul Court','178 32','Sweden','Burl.Goschalk@myemail.com'), 
('FG00388','Mrs','Ennis','Morrison','1963-9-11','M','EC06',14349992557,'63870 John Wall Plaza','27705','United States','Ennis.Morrison@myemail.com'), 
('FG00389','Mr','Dorie','Santora','1988-4-15','F','EC07',464648592933,'2070 Park Meadow Hill','187 14','Sweden','Dorie.Santora@myemail.com'), 
('FG00390','Mrs','Harmonia','Linner','1961-5-17','F','EC08',468473094360,'7528 Burning Wood Crossing','921 41','Sweden','Harmonia.Linner@myemail.com'), 
('FG00391','Mr','Edmon','Avrasin','1987-10-15','M','EC09',7597116632,'7 Wayridge Court','93558','Malaysia','Edmon.Avrasin@myemail.com'), 
('FG00392','Dr','Betteanne','Guidotti','1995-2-16','F','EC10',467463722973,'8 Fuller Court','457 23','Sweden','Betteanne.Guidotti@myemail.com'), 
('FG00393','Dr','Alex','Challens','1963-10-4','M','EC11',18085352015,'61527 Dapin Park','96835','United States','Alex.Challens@myemail.com'), 
('FG00394','Mr','Shae','Benmore','1956-10-19','M','EC12',13655521759,'847 Talmadge Avenue','N4W','Canada','Shae.Benmore@myemail.com'), 
('FG00395','Dr','Lucky','Alexandrescu','1976-9-5','F','EC13',466834322908,'8657 Homewood Pass','242 94','Sweden','Lucky.Alexandrescu@myemail.com'), 
('FG00396','Dr','Joete','Androletti','1992-2-23','F','EC14',462991136522,'3 Hooker Pass','334 80','Sweden','Joete.Androletti@myemail.com'), 
('FG00397','Dr','Leticia','Poynor','1990-4-5','F','EC15',19594098362,'849 Toban Park','T5C','Canada','Leticia.Poynor@myemail.com'), 
('FG00398','Dr','Jordan','Orchart','1971-8-2','M','EC16',2054521508,'69 Comanche Hill','80668','Malaysia','Jordan.Orchart@myemail.com'), 
('FG00399','Dr','Shannen','Cauley','1997-7-7','F','EC17',467971321146,'94428 Dorton Terrace','667 91','Sweden','Shannen.Cauley@myemail.com'), 
('FG00400','Mr','Myra','Bortolotti','1957-4-20','F','EC18',16128359606,'01 Nobel Lane','55480','United States','Myra.Bortolotti@myemail.com'), 
('FG00401','Mr','Willis','Turfs','1991-6-17','M','EC01',11574105980,'1667 Memorial Pass','G9X','Canada','Willis.Turfs@myemail.com'), 
('FG00402','Mr','Caroline','Cuttings','1956-9-13','F','EC02',462117140969,'83077 3rd Center','342 80','Sweden','Caroline.Cuttings@myemail.com'), 
('FG00403','Dr','Lennard','Dagleas','1959-2-24','M','EC03',13865678859,'46 Browning Park','32128','United States','Lennard.Dagleas@myemail.com'), 
('FG00404','Mr','Prent','Le Claire','1975-7-23','M','EC04',3347679957,'5 Fallview Park','31407','Malaysia','Prent.Le Claire@myemail.com'), 
('FG00405','Ms','Bria','Steen','1982-5-31','F','EC05',14006951814,'7 Caliangt Street','N5L','Canada','Bria.Steen@myemail.com'), 
('FG00406','Mr','Lorrayne','O' Hanvey','1976-5-4','F','EC06',13036908525,'04134 Ryan Pass','80291','United States','Lorrayne.O' Hanvey@myemail.com'), 
('FG00407','Dr','Cyrille','Ferres','1963-4-1','M','EC07',469494348727,'0476 Randy Circle','691 41','Sweden','Cyrille.Ferres@myemail.com'), 
('FG00408','Mrs','Rooney','Hanretty','1987-9-18','M','EC08',464516452122,'83 Pankratz Trail','597 96','Sweden','Rooney.Hanretty@myemail.com'), 
('FG00409','Mrs','Brnaba','Nixon','1975-2-3','M','EC09',18656690246,'47488 Donald Alley','37995','United States','Brnaba.Nixon@myemail.com'), 
('FG00410','Mr','Ashlen','Prestie','1964-8-9','F','EC10',449225133831,'566 Katie Plaza','LE14','United Kingdom','Ashlen.Prestie@myemail.com'), 
('FG00411','Dr','Chance','Hammarberg','1968-2-18','M','EC11',466686063073,'694 High Crossing Avenue','828 25','Sweden','Chance.Hammarberg@myemail.com'), 
('FG00412','Dr','Brittni','Matschke','1975-12-3','F','EC12',19184563942,'5 Cody Alley','74103','United States','Brittni.Matschke@myemail.com'), 
('FG00413','Mrs','Etta','Trinke','1962-8-16','F','EC13',9747516452,'3983 Dexter Alley','87018','Malaysia','Etta.Trinke@myemail.com'), 
('FG00414','Ms','Toby','Danbi','1971-6-4','M','EC14',17131914550,'100 Eggendart Junction','77281','United States','Toby.Danbi@myemail.com'), 
('FG00415','Dr','Valma','Rosenschein','1972-12-16','F','EC15',3112955389,'452 Vermont Hill','15500','Malaysia','Valma.Rosenschein@myemail.com'), 
('FG00416','Mr','Lucho','Longcake','1988-5-2','M','EC16',14024517090,'729 Portage Drive','68144','United States','Lucho.Longcake@myemail.com'), 
('FG00417','Mr','Olenolin','Gherardini','1980-4-29','M','EC17',464477367817,'6 Holmberg Crossing','652 27','Sweden','Olenolin.Gherardini@myemail.com'), 
('FG00418','Mr','Hedvig','Bondesen','1960-4-1','F','EC18',463977302296,'20605 Dexter Park','453 22','Sweden','Hedvig.Bondesen@myemail.com'), 
('FG00419','Mrs','Martino','Limb','1973-9-4','M','EC01',3878632824,'23556 Sommers Street','5552','Malaysia','Martino.Limb@myemail.com'), 
('FG00420','Mrs','Napoleon','Baldocci','1950-7-22','M','EC02',13076329840,'58081 Bonner Terrace','82007','United States','Napoleon.Baldocci@myemail.com'), 
('FG00421','Mrs','Bogey','Sives','1969-9-2','M','EC03',19891148921,'945 Petterle Place','K2C','Canada','Bogey.Sives@myemail.com'), 
('FG00422','Ms','Chet','Caghan','1951-2-25','M','EC04',461301231362,'851 Mayfield Hill','631 02','Sweden','Chet.Caghan@myemail.com'), 
('FG00423','Dr','Corbet','Petrasch','1961-12-22','M','EC05',468628986913,'984 Springs Road','461 25','Sweden','Corbet.Petrasch@myemail.com'), 
('FG00424','Mr','Katuscha','Sebring','1996-8-26','F','EC06',12021716290,'6119 Sage Hill','20051','United States','Katuscha.Sebring@myemail.com'), 
('FG00425','Mrs','Ede','Salvadore','1956-4-6','F','EC07',9805792567,'7 Marquette Circle','75586','Malaysia','Ede.Salvadore@myemail.com'), 
('FG00426','Ms','Winnah','Yanshinov','1986-5-21','F','EC08',464118933770,'3 Pearson Park','112 45','Sweden','Winnah.Yanshinov@myemail.com'), 
('FG00427','Dr','Leslie','Cracie','1992-4-10','M','EC09',468991125776,'6 Lotheville Street','170 66','Sweden','Leslie.Cracie@myemail.com'), 
('FG00428','Mr','Tove','Wakeford','1992-12-8','F','EC10',9909957664,'7 Springview Way','10662','Malaysia','Tove.Wakeford@myemail.com'), 
('FG00429','Dr','Paulina','Tampen','1954-11-9','F','EC11',469099855093,'5 Canary Parkway','703 54','Sweden','Paulina.Tampen@myemail.com'), 
('FG00430','Mrs','Laura','Begin','1996-10-30','F','EC12',4092480191,'3 Golf Course Center','62652','Malaysia','Laura.Begin@myemail.com'), 
('FG00431','Dr','Erasmus','Pavelka','1950-6-22','M','EC13',14347131539,'112 Annamark Terrace','24515','United States','Erasmus.Pavelka@myemail.com'), 
('FG00432','Ms','Auberta','Haccleton','1986-8-22','F','EC14',16761061630,'3 Moose Way','L9S','Canada','Auberta.Haccleton@myemail.com'), 
('FG00433','Ms','Mikkel','Nock','1986-8-2','M','EC15',12157023807,'00 Crest Line Drive','19146','United States','Mikkel.Nock@myemail.com'), 
('FG00434','Dr','Jasen','Aylin','1968-5-29','M','EC16',14233152353,'92 Sunbrook Circle','37410','United States','Jasen.Aylin@myemail.com'), 
('FG00435','Dr','Gearard','Merriton','1968-5-23','M','EC17',15357965940,'2 Lunder Parkway','B4P','Canada','Gearard.Merriton@myemail.com'), 
('FG00436','Dr','Natalya','Castro','1995-6-10','F','EC18',19995427790,'501 Crest Line Street','J7G','Canada','Natalya.Castro@myemail.com'), 
('FG00437','Dr','Coralie','Terrington','1965-3-29','F','EC01',464168186861,'31798 Annamark Circle','612 32','Sweden','Coralie.Terrington@myemail.com'), 
('FG00438','Dr','Norine','O'Towey','1956-1-25','F','EC02',495017402505,'17589 Coolidge Avenue','74080','Germany','Norine.O'Towey@myemail.com'), 
('FG00439','Mrs','Shem','Piggrem','1975-3-17','M','EC03',9786387808,'10441 Springs Circle','62150','Malaysia','Shem.Piggrem@myemail.com'), 
('FG00440','Dr','Adria','Blackaller','1998-11-4','F','EC04',5206352961,'99 Menomonie Street','93702','Malaysia','Adria.Blackaller@myemail.com'), 
('FG00441','Dr','Beaufort','Purtell','1955-8-23','M','EC05',467499614939,'4047 Meadow Ridge Avenue','271 60','Sweden','Beaufort.Purtell@myemail.com'), 
('FG00442','Mrs','Cathy','Andrault','1952-10-28','F','EC06',491466932552,'25 La Follette Plaza','80337','Germany','Cathy.Andrault@myemail.com'), 
('FG00443','Mr','Zed','Matiashvili','1972-12-13','M','EC07',17163467726,'21688 Golf Alley','14225','United States','Zed.Matiashvili@myemail.com'), 
('FG00444','Dr','Gustavus','Theis','1998-5-6','M','EC08',466683867494,'60107 South Alley','643 92','Sweden','Gustavus.Theis@myemail.com'), 
('FG00445','Dr','Bettina','Madden','1976-3-26','F','EC09',12029283400,'6 Melody Drive','20508','United States','Bettina.Madden@myemail.com'), 
('FG00446','Mrs','Dukey','Feavearyear','1958-4-11','M','EC10',445601286061,'42695 Brentwood Avenue','KW10','United Kingdom','Dukey.Feavearyear@myemail.com'), 
('FG00447','Mr','Selina','Ceely','1995-10-22','F','EC11',17501059204,'3 Hagan Parkway','T1P','Canada','Selina.Ceely@myemail.com'), 
('FG00448','Dr','Zane','Tetley','1979-4-1','M','EC12',12105485058,'0522 Express Road','E3G','Canada','Zane.Tetley@myemail.com'), 
('FG00449','Ms','Berk','Gouldthorpe','1966-10-23','M','EC13',466374932655,'92 Hermina Parkway','655 94','Sweden','Berk.Gouldthorpe@myemail.com'), 
('FG00450','Dr','Jerry','Winslet','1996-2-1','F','EC14',11783721239,'6609 Barby Alley','B0K','Canada','Jerry.Winslet@myemail.com'), 
('FG00451','Mr','Sanders','Van Der Weedenburg','1993-10-2','M','EC15',467343280200,'62 Comanche Drive','388 31','Sweden','Sanders.Van Der Weedenburg@myemail.com'), 
('FG00452','Ms','Jo','Karlik','1955-5-31','F','EC16',18663159536,'3 Loeprich Avenue','B1V','Canada','Jo.Karlik@myemail.com'), 
('FG00453','Dr','Jory','Dealey','1978-10-24','M','EC17',9328690988,'6455 Milwaukee Crossing','50609','Malaysia','Jory.Dealey@myemail.com'), 
('FG00454','Mrs','Kirbie','Gadman','1973-11-7','F','EC18',3005385755,'209 Lake View Plaza','10662','Malaysia','Kirbie.Gadman@myemail.com'), 
('FG00455','Mr','Andeee','McDonald','1952-1-26','F','EC01',13127907604,'27 Pearson Center','60681','United States','Andeee.McDonald@myemail.com'), 
('FG00456','Ms','Jenny','Ducham','1968-11-30','F','EC02',13233588910,'57 Village Green Circle','90076','United States','Jenny.Ducham@myemail.com'), 
('FG00457','Mr','Ludvig','Clineck','1965-9-21','M','EC03',19373214875,'04 Mandrake Alley','45432','United States','Ludvig.Clineck@myemail.com'), 
('FG00458','Dr','Moyra','Crampton','1988-12-31','F','EC04',463169437560,'00409 Clyde Gallagher Hill','613 81','Sweden','Moyra.Crampton@myemail.com'), 
('FG00459','Dr','Mercie','Loft','1971-8-13','F','EC05',12027654878,'37 Ridge Oak Way','20535','United States','Mercie.Loft@myemail.com'), 
('FG00460','Dr','Lucias','Maffi','1952-11-12','M','EC06',464771264657,'7 Caliangt Hill','802 66','Sweden','Lucias.Maffi@myemail.com'), 
('FG00461','Mr','Jess','Caen','1967-6-5','M','EC07',4058012849,'0399 Artisan Crossing','25610','Malaysia','Jess.Caen@myemail.com'), 
('FG00462','Mr','Perrine','Shurrock','1989-6-20','F','EC08',12058728373,'142 Katie Way','35290','United States','Perrine.Shurrock@myemail.com'), 
('FG00463','Mr','Bernard','Janway','2000-12-28','M','EC09',15734373355,'4164 Melvin Junction','65110','United States','Bernard.Janway@myemail.com'), 
('FG00464','Ms','Lorilyn','Bees','1961-8-25','F','EC10',11887964404,'72 Di Loreto Trail','E8M','Canada','Lorilyn.Bees@myemail.com'), 
('FG00465','Mrs','Damon','Diboll','1975-12-20','M','EC11',468333024931,'58602 Messerschmidt Center','262 65','Sweden','Damon.Diboll@myemail.com'), 
('FG00466','Dr','Leesa','Shiers','1963-5-27','F','EC12',2462426204,'29901 Hoffman Trail','20608','Malaysia','Leesa.Shiers@myemail.com'), 
('FG00467','Mr','Lance','Aldcorne','1955-4-8','M','EC13',463939541133,'8253 Gateway Park','417 02','Sweden','Lance.Aldcorne@myemail.com'), 
('FG00468','Dr','Flossi','Kreber','1974-4-16','F','EC14',5724937142,'20742 Lawn Center','90726','Malaysia','Flossi.Kreber@myemail.com'), 
('FG00469','Mr','Roxie','Shalliker','1977-10-4','F','EC15',8477033457,'5 Porter Lane','34010','Malaysia','Roxie.Shalliker@myemail.com'), 
('FG00470','Dr','Selle','Lanigan','1997-3-21','F','EC16',446193550937,'236 Comanche Center','BT2','United Kingdom','Selle.Lanigan@myemail.com'), 
('FG00471','Mr','Artemis','Culvey','1953-10-17','M','EC17',465013871420,'2628 Crownhardt Street','115 77','Sweden','Artemis.Culvey@myemail.com'), 
('FG00472','Mrs','Lavina','Hause','1983-1-9','F','EC18',8962578068,'8 Mifflin Point','88610','Malaysia','Lavina.Hause@myemail.com'), 
('FG00473','Mr','Alex','Bonick','1972-2-3','M','EC01',466313094656,'49 Scott Hill','374 81','Sweden','Alex.Bonick@myemail.com'), 
('FG00474','Ms','Dosi','Rodell','1983-11-12','F','EC02',469231003010,'446 Green Court','973 29','Sweden','Dosi.Rodell@myemail.com'), 
('FG00475','Mr','Tirrell','Kirkbright','1965-6-6','M','EC03',462504242232,'975 School Center','802 85','Sweden','Tirrell.Kirkbright@myemail.com'), 
('FG00476','Ms','Rebecka','Berzons','1993-3-4','F','EC04',19476190105,'6 Lakewood Gardens Place','J5W','Canada','Rebecka.Berzons@myemail.com'), 
('FG00477','Dr','Hedy','Leinthall','1988-6-27','F','EC05',467964453600,'2 Loeprich Road','906 12','Sweden','Hedy.Leinthall@myemail.com'), 
('FG00478','Mrs','Rachael','Jorio','1964-2-15','F','EC06',497782259940,'13270 Basil Plaza','74080','Germany','Rachael.Jorio@myemail.com'), 
('FG00479','Mr','Felipa','McMylor','1975-2-8','F','EC07',19045884586,'2142 Gina Park','32277','United States','Felipa.McMylor@myemail.com'), 
('FG00480','Ms','Lilas','Cousen','1969-5-5','F','EC08',16172650113,'8656 Walton Lane','2298','United States','Lilas.Cousen@myemail.com'), 
('FG00481','Dr','Walton','Catto','1961-11-18','M','EC09',18504921163,'11 Fairview Pass','32309','United States','Walton.Catto@myemail.com'), 
('FG00482','Ms','Bendicty','Nend','1992-1-30','M','EC10',466646121842,'66978 Mandrake Lane','833 92','Sweden','Bendicty.Nend@myemail.com'), 
('FG00483','Mr','Lorry','Potes','1969-8-19','M','EC11',14048949914,'1738 Bobwhite Way','30343','United States','Lorry.Potes@myemail.com'), 
('FG00484','Dr','Riley','McGirl','1975-8-25','M','EC12',18551951830,'6525 Harbort Alley','P0T','Canada','Riley.McGirl@myemail.com'), 
('FG00485','Mr','Dode','Crack','1976-10-3','F','EC13',493983303689,'15142 Beilfuss Pass','42349','Germany','Dode.Crack@myemail.com'), 
('FG00486','Dr','Nannie','Lakin','1954-12-19','F','EC14',19284026768,'0 Gale Alley','L3V','Canada','Nannie.Lakin@myemail.com'), 
('FG00487','Mrs','Markus','Nolder','1998-8-16','M','EC15',15403431600,'5310 Tony Hill','24009','United States','Markus.Nolder@myemail.com'), 
('FG00488','Dr','Faunie','Gronowe','1977-7-25','F','EC16',464051394057,'7 Shopko Parkway','754 20','Sweden','Faunie.Gronowe@myemail.com'), 
('FG00489','Ms','Pauletta','Boord','1995-6-6','F','EC17',463186413847,'839 4th Point','431 10','Sweden','Pauletta.Boord@myemail.com'), 
('FG00490','Mr','Magnum','Dashkov','2000-6-15','M','EC18',13165874479,'16731 Mockingbird Avenue','67236','United States','Magnum.Dashkov@myemail.com'), 
('FG00491','Dr','Quentin','Fatscher','1979-5-20','M','EC01',491384849309,'4596 Morrow Center','90411','Germany','Quentin.Fatscher@myemail.com'), 
('FG00492','Mr','Dasya','Arangy','1980-6-4','F','EC02',12533762870,'37 Bashford Trail','98442','United States','Dasya.Arangy@myemail.com'), 
('FG00493','Dr','Marylinda','Petch','1991-7-27','F','EC03',463576402833,'89 Loomis Terrace','145 74','Sweden','Marylinda.Petch@myemail.com'), 
('FG00494','Mr','Shea','Ferras','1990-1-12','F','EC04',463923394388,'2 Anniversary Hill','462 87','Sweden','Shea.Ferras@myemail.com'), 
('FG00495','Ms','Page','Alexsandrowicz','1979-11-28','F','EC05',448813720457,'579 Superior Parkway','LE15','United Kingdom','Page.Alexsandrowicz@myemail.com'), 
('FG00496','Mr','Ulberto','Boothe','1952-11-8','M','EC06',461384539388,'50299 Westend Point','795 92','Sweden','Ulberto.Boothe@myemail.com'), 
('FG00497','Ms','Melitta','Smogur','1956-9-13','F','EC07',445063511226,'2712 Bellgrove Road','NG22','United Kingdom','Melitta.Smogur@myemail.com'), 
('FG00498','Mr','Gail','Phebey','1959-2-24','M','EC08',446531245893,'71 5th Parkway','OX12','United Kingdom','Gail.Phebey@myemail.com'), 
('FG00499','Mr','Ferrell','Aucourte','1975-7-23','M','EC09',446955284479,'783 Red Cloud Way','SG4','United Kingdom','Ferrell.Aucourte@myemail.com'), 
('FG00500','Mrs','Arabelle','Farndale','1982-5-31','F','EC10',445071055632,'0873 Donald Road','CT16','United Kingdom','Arabelle.Farndale@myemail.com'), 
('FG00501','Ms','Tabby','Howse','1976-5-4','F','EC11',443968721396,'99 Quincy Street','BH21','United Kingdom','Tabby.Howse@myemail.com'), 
('FG00502','Mrs','Issy','Vogl','1963-4-1','F','EC12',449813833852,'6 Waxwing Pass','CB4','United Kingdom','Issy.Vogl@myemail.com'), 
('FG00503','Mr','Buddy','Bagnell','1987-9-18','M','EC13',445311778836,'24 School Lane','LE16','United Kingdom','Buddy.Bagnell@myemail.com'), 
('FG00504','Ms','Haleigh','Zuan','1975-2-3','F','EC14',443874199958,'0402 Surrey Center','BD23','United Kingdom','Haleigh.Zuan@myemail.com'), 
('FG00505','Mrs','Carlina','Cabble','1964-8-9','F','EC15',441486354692,'018 3rd Park','NE46','United Kingdom','Carlina.Cabble@myemail.com'), 
('FG00506','Ms','Happy','Spurdens','1968-2-18','F','EC16',443782133831,'858 Morning Parkway','NR34','United Kingdom','Happy.Spurdens@myemail.com'), 
('FG00507','Mr','Mervin','Overstall','1975-12-3','M','EC17',445276592621,'2505 Johnson Drive','DL8','United Kingdom','Mervin.Overstall@myemail.com'), 
('FG00508','Mr','Pebrook','Paulitschke','1962-8-16','M','EC18',448926998008,'402 Grover Street','L74','United Kingdom','Pebrook.Paulitschke@myemail.com'), 
('FG00509','Mr','Kellen','Du Pre','1971-6-4','M','EC01',448829040201,'79 Superior Way','W1F','United Kingdom','Kellen.Du Pre@myemail.com'), 
('FG00510','Mrs','Robinia','Mapstone','1972-12-16','F','EC02',443126282897,'6734 Hansons Lane','OX12','United Kingdom','Robinia.Mapstone@myemail.com'), 
('FG00511','Ms','Darcey','Mortlock','1988-5-2','F','EC03',443685051596,'138 Mifflin Street','ST20','United Kingdom','Darcey.Mortlock@myemail.com'), 
('FG00512','Mrs','Clem','Leates','1980-4-29','F','EC04',443083903364,'5202 Rockefeller Way','DN22','United Kingdom','Clem.Leates@myemail.com'), 
('FG00513','Ms','Paloma','Romke','1960-4-1','F','EC05',445549512189,'56 Kim Alley','B12','United Kingdom','Paloma.Romke@myemail.com'), 
('FG00514','Mr','Vergil','Wagenen','1973-9-4','M','EC06',444973809054,'9942 Lien Circle','SN1','United Kingdom','Vergil.Wagenen@myemail.com'), 
('FG00515','Mr','Sigfried','Philliskirk','1950-7-22','M','EC07',446087161708,'1 Glendale Avenue','BD7','United Kingdom','Sigfried.Philliskirk@myemail.com'), 
('FG00516','Mr','Giovanni','Trustey','1969-9-2','M','EC08',444899026719,'364 Petterle Crossing','BD23','United Kingdom','Giovanni.Trustey@myemail.com'), 
('FG00517','Mrs','Ilene','Durtnall','1951-2-25','F','EC09',446303397751,'1520 Sullivan Parkway','BT2','United Kingdom','Ilene.Durtnall@myemail.com'), 
('FG00518','Mr','Cam','Arpe','1961-12-22','M','EC10',448554201267,'334 Glendale Junction','LN6','United Kingdom','Cam.Arpe@myemail.com'), 
('FG00519','Mr','Christophorus','Branford','1996-8-26','M','EC11',443327014349,'83 Hansons Parkway','N3','United Kingdom','Christophorus.Branford@myemail.com'), 
('FG00520','Mr','Kurt','Bineham','1956-4-6','M','EC12',446091292989,'40291 Swallow Point','OX12','United Kingdom','Kurt.Bineham@myemail.com'), 
('FG00521','Ms','Lorilee','Mallabone','1986-5-21','F','EC13',444949602289,'98994 Karstens Point','EH52','United Kingdom','Lorilee.Mallabone@myemail.com'), 
('FG00522','Mr','Paxton','Adams','1992-4-10','M','EC14',449902255625,'58461 Cambridge Point','SN1','United Kingdom','Paxton.Adams@myemail.com'), 
('FG00523','Mrs','Emyle','Yoell','1992-12-8','F','EC15',449207660558,'979 Springs Road','BS14','United Kingdom','Emyle.Yoell@myemail.com'), 
('FG00524','Ms','Sean','Grimbleby','1954-11-9','F','EC16',448945647020,'21 Crest Line Circle','BS37','United Kingdom','Sean.Grimbleby@myemail.com'), 
('FG00525','Mrs','Denny','Slayny','1996-10-30','F','EC17',443277542841,'22293 Vernon Point','EH52','United Kingdom','Denny.Slayny@myemail.com'), 
('FG00526','Mr','Clim','Treker','1950-6-22','M','EC18',449945146363,'1925 Banding Terrace','B12','United Kingdom','Clim.Treker@myemail.com'), 
('FG00527','Ms','Olympie','Papaccio','1986-8-22','F','EC01',445232100920,'412 Norway Maple Alley','KW10','United Kingdom','Olympie.Papaccio@myemail.com'), 
('FG00528','Mr','Harris','Rabbatts','1986-8-2','M','EC02',442697046268,'82 Lien Avenue','AB55','United Kingdom','Harris.Rabbatts@myemail.com'), 
('FG00529','Mrs','Jennette','Keer','1968-5-29','F','EC03',447572990855,'4845 Cordelia Alley','DT10','United Kingdom','Jennette.Keer@myemail.com'), 
('FG00530','Mr','Cad','Greenough','1968-5-23','M','EC04',445409574436,'17402 Carioca Way','IV1','United Kingdom','Cad.Greenough@myemail.com'), 
('FG00531','Ms','Edee','Pavolini','1995-6-10','F','EC05',442658132556,'3943 Westport Point','LE15','United Kingdom','Edee.Pavolini@myemail.com'), 
('FG00532','Mr','Dylan','Finlay','1965-3-29','M','EC06',447184306680,'49665 Lawn Trail','AB39','United Kingdom','Dylan.Finlay@myemail.com'), 
('FG00533','Mrs','Kimberley','Oty','1956-1-25','F','EC07',443476814536,'76894 Westend Parkway','CT16','United Kingdom','Kimberley.Oty@myemail.com'), 
('FG00534','Ms','Ginelle','Hulk','1975-3-17','F','EC08',449889685436,'02413 Havey Street','SN1','United Kingdom','Ginelle.Hulk@myemail.com'), 
('FG00535','Mrs','Zita','Warrier','1998-11-4','F','EC09',443881002005,'48 Blaine Crossing','PR1','United Kingdom','Zita.Warrier@myemail.com'), 
('FG00536','Ms','Goldarina','Brecken','1955-8-23','F','EC10',447938053062,'71 Stephen Parkway','CB4','United Kingdom','Goldarina.Brecken@myemail.com'), 
('FG00537','Mrs','Lyndsey','Springer','1952-10-28','F','EC11',447313390498,'01 Jana Alley','OX12','United Kingdom','Lyndsey.Springer@myemail.com'), 
('FG00538','Mr','Noby','Mealiffe','1972-12-13','M','EC12',449233231328,'18 Memorial Street','AB55','United Kingdom','Noby.Mealiffe@myemail.com'), 
('FG00539','Ms','Nadya','Ridges','1998-5-6','F','EC13',445468030628,'93 Autumn Leaf Center','BT2','United Kingdom','Nadya.Ridges@myemail.com'), 
('FG00540','Mrs','Alysa','Brightie','1976-3-26','F','EC14',447552498590,'0 Brentwood Junction','GU32','United Kingdom','Alysa.Brightie@myemail.com'), 
('FG00541','Mr','Conney','Swanborough','1958-4-11','M','EC15',441518633783,'88 Delladonna Park','G4','United Kingdom','Conney.Swanborough@myemail.com'), 
('FG00542','Mr','Witty','Bourgour','1995-10-22','M','EC16',447783157129,'8624 Nancy Way','NN4','United Kingdom','Witty.Bourgour@myemail.com'), 
('FG00543','Mr','Bayard','Flippelli','1979-4-1','M','EC17',446595696281,'344 Old Gate Place','L33','United Kingdom','Bayard.Flippelli@myemail.com'), 
('FG00544','Mr','Morgan','Deetlof','1966-10-23','M','EC18',446058232054,'04 Fairfield Crossing','KW10','United Kingdom','Morgan.Deetlof@myemail.com'), 
('FG00545','Mr','Lionel','Goslin','1996-2-1','M','EC01',449768665835,'00 Utah Trail','EC1V','United Kingdom','Lionel.Goslin@myemail.com'), 
('FG00546','Ms','Morissa','Coleshill','1993-10-2','F','EC02',443981058656,'5 Grayhawk Alley','CT16','United Kingdom','Morissa.Coleshill@myemail.com'), 
('FG00547','Mr','Ludovico','Molyneaux','1955-5-31','M','EC03',443998729108,'045 Oak Valley Court','NR34','United Kingdom','Ludovico.Molyneaux@myemail.com'), 
('FG00548','Mr','Ham','Asgodby','1978-10-24','M','EC04',444215807296,'73826 Rigney Center','NG22','United Kingdom','Ham.Asgodby@myemail.com'), 
('FG00549','Mrs','Almeta','Willatt','1973-11-7','F','EC05',444258375547,'792 Melvin Pass','IV1','United Kingdom','Almeta.Willatt@myemail.com'), 
('FG00550','Ms','Annabel','Bunner','1952-1-26','F','EC06',447354918022,'6 Maryland Park','EH52','United Kingdom','Annabel.Bunner@myemail.com'), 
('FG00551','Mr','Martie','Woodyer','1968-11-30','M','EC07',444644221124,'053 Mallard Park','CT16','United Kingdom','Martie.Woodyer@myemail.com'), 
('FG00552','Mr','Alva','O'Suaird','1965-9-21','M','EC08',449015053468,'7126 Oneill Alley','NE46','United Kingdom','Alva.O'Suaird@myemail.com'), 
('FG00553','Mrs','Kelila','Hennington','1988-12-31','F','EC09',449772805884,'19933 Dawn Terrace','BS14','United Kingdom','Kelila.Hennington@myemail.com'), 
('FG00554','Mr','Conn','Groome','1971-8-13','M','EC10',444382265213,'887 Caliangt Pass','BD7','United Kingdom','Conn.Groome@myemail.com'), 
('FG00555','Mr','Hazlett','Librey','1952-11-12','M','EC11',444266210381,'1905 Mockingbird Parkway','SY4','United Kingdom','Hazlett.Librey@myemail.com'), 
('FG00556','Ms','Umeko','Kensall','1967-6-5','F','EC12',445445261758,'3573 Oakridge Road','DN22','United Kingdom','Umeko.Kensall@myemail.com'), 
('FG00557','Mrs','Roze','Siburn','1989-6-20','F','EC13',443954654514,'712 Northfield Drive','CV35','United Kingdom','Roze.Siburn@myemail.com'), 
('FG00558','Ms','Darcee','McEntee','2000-12-28','F','EC14',449373638274,'9383 Forest Way','SW19','United Kingdom','Darcee.McEntee@myemail.com'), 
('FG00559','Mr','Corey','Kollatsch','1961-8-25','M','EC15',441547492425,'663 Reindahl Trail','RG20','United Kingdom','Corey.Kollatsch@myemail.com'), 
('FG00560','Mr','Alejandro','Wyndham','1975-12-20','M','EC16',441636336751,'4066 Veith Terrace','DN22','United Kingdom','Alejandro.Wyndham@myemail.com'), 
('FG00561','Mrs','Shirline','Korting','1963-5-27','F','EC17',448711967774,'55 Division Parkway','M14','United Kingdom','Shirline.Korting@myemail.com'), 
('FG00562','Ms','Nedi','Kulis','1955-4-8','F','EC18',445534517573,'719 Boyd Place','WC1B','United Kingdom','Nedi.Kulis@myemail.com'), 
('FG00563','Mrs','Marisa','Harlowe','1974-4-16','F','EC01',444312890541,'0627 Pond Junction','LE15','United Kingdom','Marisa.Harlowe@myemail.com'), 
('FG00564','Ms','Franciska','Harkins','1977-10-4','F','EC02',447446073416,'22768 Hoepker Alley','BH21','United Kingdom','Franciska.Harkins@myemail.com'), 
('FG00565','Mr','Tymon','Masi','1997-3-21','M','EC03',448077798187,'0 Tomscot Alley','NN11','United Kingdom','Tymon.Masi@myemail.com'), 
('FG00566','Mrs','Yovonnda','Dearsley','1953-10-17','F','EC04',448632199296,'845 Prentice Pass','LE15','United Kingdom','Yovonnda.Dearsley@myemail.com'), 
('FG00567','Ms','Rubie','Westwood','1983-1-9','F','EC05',444276309607,'50897 Waubesa Center','M34','United Kingdom','Rubie.Westwood@myemail.com'), 
('FG00568','Mrs','Gwenette','Weerdenburg','1972-2-3','F','EC06',444823874790,'005 Sundown Lane','BS14','United Kingdom','Gwenette.Weerdenburg@myemail.com'), 
('FG00569','Mr','Sholom','Farrar','1983-11-12','M','EC07',443499753703,'7187 Swallow Place','CH48','United Kingdom','Sholom.Farrar@myemail.com'), 
('FG00570','Ms','Maible','Burkart','1965-6-6','F','EC08',442156097876,'53 Arrowood Park','S1','United Kingdom','Maible.Burkart@myemail.com'), 
('FG00571','Mrs','Ruthi','Lisciandri','1993-3-4','F','EC09',449989264514,'066 Washington Alley','BS37','United Kingdom','Ruthi.Lisciandri@myemail.com'), 
('FG00572','Mr','Alessandro','Habbal','1988-6-27','M','EC10',447675421153,'0980 Longview Circle','NG34','United Kingdom','Alessandro.Habbal@myemail.com'), 
('FG00573','Ms','Eve','Littleproud','1964-2-15','F','EC11',449956248080,'4517 Almo Drive','KW10','United Kingdom','Eve.Littleproud@myemail.com'), 
('FG00574','Mrs','Gizela','Spavon','1975-2-8','F','EC12',448092481214,'61 Golden Leaf Crossing','LS9','United Kingdom','Gizela.Spavon@myemail.com'), 
('FG00575','Mr','Dion','Thewless','1969-5-5','M','EC13',445111890479,'308 Northview Road','G4','United Kingdom','Dion.Thewless@myemail.com'), 
('FG00576','Ms','Georgena','Whitnell','1961-11-18','F','EC14',444459756217,'81 Rockefeller Way','SN1','United Kingdom','Georgena.Whitnell@myemail.com'), 
('FG00577','Mrs','Aggie','Guinn','1992-1-30','F','EC15',444429246291,'1 Comanche Pass','DN36','United Kingdom','Aggie.Guinn@myemail.com'), 
('FG00578','Mr','Bastien','Keeley','1969-8-19','M','EC16',449244322196,'184 Ridgeview Avenue','AB39','United Kingdom','Bastien.Keeley@myemail.com'), 
('FG00579','Mr','Terri','Beccero','1975-8-25','M','EC17',445518113850,'86748 Monterey Circle','M14','United Kingdom','Terri.Beccero@myemail.com'), 
('FG00580','Mr','Jeffrey','Filan','1976-10-3','M','EC01',448182061754,'4204 Grayhawk Road','LE15','United Kingdom','Jeffrey.Filan@myemail.com'), 
('FG00581','Ms','Ginny','Vasyutichev','1954-12-19','F','EC02',444095412791,'0 Mesta Court','IV1','United Kingdom','Ginny.Vasyutichev@myemail.com'), 
('FG00582','Mr','Duane','Gillis','1998-8-16','M','EC03',446626511054,'2466 Golf Crossing','NN4','United Kingdom','Duane.Gillis@myemail.com'), 
('FG00583','Mrs','Patrica','Baiden','1977-7-25','F','EC04',444897224850,'95153 Paget Drive','BT2','United Kingdom','Patrica.Baiden@myemail.com'), 
('FG00584','Ms','Mersey','Beardsell','1995-6-6','F','EC05',449947572057,'8 Burrows Alley','N3','United Kingdom','Mersey.Beardsell@myemail.com'), 
('FG00585','Mr','Tome','Branscombe','1957-11-16','M','EC06',449919084070,'03 Bobwhite Alley','1009','Australia','Tome.Branscombe@myemail.com'), 
('FG00586','Mrs','Berthe','Wellbelove','1975-7-22','F','EC07',443632989642,'17 Warrior Avenue','5874','Australia','Berthe.Wellbelove@myemail.com'), 
('FG00587','Mr','Ron','Connew','1988-6-30','M','EC08',441206012573,'5 Rockefeller Parkway','5869','Australia','Ron.Connew@myemail.com'), 
('FG00588','Ms','Angil','Walaron','1991-4-25','F','EC09',443481718820,'97 Thompson Circle','5874','Australia','Angil.Walaron@myemail.com'), 
('FG00589','Mrs','Samara','Bencher','1957-1-24','F','EC10',445351828527,'54 Prairieview Drive','5889','Australia','Samara.Bencher@myemail.com'), 
('FG00590','Mr','Aldus','Beckwith','1992-10-21','M','EC11',442305598674,'445 Saint Paul Lane','1235','Australia','Aldus.Beckwith@myemail.com'), 
('FG00591','Mr','Sholom','Rutherford','1993-1-23','M','EC12',446589996889,'1 Jackson Center','8383','Australia','Sholom.Rutherford@myemail.com'), 
('FG00592','Mr','Tucky','Grodden','2000-5-25','M','EC13',441428078508,'4 Stuart Alley','1043','Australia','Tucky.Grodden@myemail.com'), 
('FG00593','Ms','Myrtle','Rainton','1974-1-28','F','EC14',449825983408,'848 Oneill Center','1134','Australia','Myrtle.Rainton@myemail.com'), 
('FG00594','Mrs','Melanie','Scanlan','1968-5-29','F','EC15',444615806314,'2577 Dawn Junction','7916','Australia','Melanie.Scanlan@myemail.com'), 
('FG00595','Ms','Cloris','Garatty','1963-7-26','F','EC16',445249167847,'70146 Corscot Road','6843','Australia','Cloris.Garatty@myemail.com'), 
('FG00596','Mrs','Modestine','Terran','1988-4-22','F','EC17',448887672812,'9372 Golf Place','1191','Australia','Modestine.Terran@myemail.com'), 
('FG00597','Mr','Van','Scrivenor','1951-5-11','M','EC18',7406516871,'2 Artisan Pass','5899','Australia','Van.Scrivenor@myemail.com'), 
('FG00598','Mr','Jacky','Commusso','1997-11-21','M','EC01',1467691209,'82616 Texas Crossing','1043','Australia','Jacky.Commusso@myemail.com'), 
('FG00599','Ms','Tybi','Lawlings','1970-2-20','F','EC02',9828453188,'94631 Hoepker Lane','1206','Australia','Tybi.Lawlings@myemail.com'), 
('FG00600','Mrs','Jemimah','Molineaux','1970-1-5','F','EC03',8982505311,'92 Mallory Terrace','1694','Australia','Jemimah.Molineaux@myemail.com'), 
('FG00601','Ms','Georgetta','Strelitz','1997-1-24','F','EC04',6705396685,'49100 Charing Cross Court','5839','Australia','Georgetta.Strelitz@myemail.com'), 
('FG00602','Mrs','Hilda','Parcells','1990-11-20','F','EC05',5625197722,'8637 Susan Parkway','5839','Australia','Hilda.Parcells@myemail.com'), 
('FG00603','Mr','Hazlett','Baldassi','1970-9-27','M','EC06',9745745151,'9 Village Place','1181','Australia','Hazlett.Baldassi@myemail.com'), 
('FG00604','Ms','Letizia','Snow','1953-12-22','F','EC07',4234533159,'99078 Magdeline Park','1391','Australia','Letizia.Snow@myemail.com'), 
('FG00605','Mrs','Sadella','Moland','1975-10-9','F','EC08',4352964306,'7310 Sugar Pass','1140','Australia','Sadella.Moland@myemail.com'), 
('FG00606','Ms','Eimile','Howchin','1972-2-16','F','EC09',6466477514,'421 Arrowood Point','1134','Australia','Eimile.Howchin@myemail.com'), 
('FG00607','Mr','Fonzie','Arrandale','1976-11-13','M','EC10',9923072126,'12 Elka Terrace','7916','Australia','Fonzie.Arrandale@myemail.com'), 
('FG00608','Mrs','Belia','Wollard','1965-7-25','F','EC11',1217278300,'85440 Upham Place','1181','Australia','Belia.Wollard@myemail.com'), 
('FG00609','Mr','Lou','Le feaver','1964-5-3','M','EC12',8229184635,'3 Golden Leaf Way','6817','Australia','Lou.Le feaver@myemail.com'), 
('FG00610','Mr','Rudy','Pettingall','1989-1-17','M','EC13',7169947419,'1240 Carioca Hill','1206','Australia','Rudy.Pettingall@myemail.com'), 
('FG00611','Ms','Kristal','Pady','1994-2-26','F','EC14',9989703097,'77 Redwing Road','1161','Australia','Kristal.Pady@myemail.com'), 
('FG00612','Mrs','Gert','Betho','1952-11-6','F','EC15',2223112059,'72 Monument Parkway','1181','Australia','Gert.Betho@myemail.com'), 
('FG00613','Mr','Justin','Cromleholme','1967-12-8','M','EC16',8652856994,'889 Fairfield Way','6843','Australia','Justin.Cromleholme@myemail.com'), 
('FG00614','Mr','Arri','Simm','1954-6-18','M','EC17',1527992260,'742 Sachtjen Alley','1694','Australia','Arri.Simm@myemail.com'), 
('FG00615','Mr','Artie','Dupree','1988-2-10','M','EC18',1891461363,'47334 Mayer Lane','5839','Australia','Artie.Dupree@myemail.com'), 
('FG00616','Ms','Dorette','Merrigans','1977-8-22','F','EC01',8534370105,'40846 Spohn Road','1391','Australia','Dorette.Merrigans@myemail.com'), 
('FG00617','Mr','Allistir','Varns','1990-6-11','M','EC02',8379779199,'7411 Sherman Hill','6843','Australia','Allistir.Varns@myemail.com'), 
('FG00618','Mrs','Portia','Attenburrow','1976-5-28','F','EC03',5293308870,'55960 Center Hill','1391','Australia','Portia.Attenburrow@myemail.com'), 
('FG00619','Ms','Lilith','Turmall','1999-11-26','F','EC04',8483847577,'0095 Monterey Park','1235','Australia','Lilith.Turmall@myemail.com'), 
('FG00620','Mr','Ives','Lowell','1950-3-25','M','EC05',5729799332,'294 Nelson Road','1120','Australia','Ives.Lowell@myemail.com'), 
('FG00621','Mr','Michail','Plumer','2000-12-3','M','EC06',3937945328,'0148 Tomscot Road','1028','Australia','Michail.Plumer@myemail.com'), 
('FG00622','Mrs','Noellyn','Chatt','1984-8-30','F','EC07',7979545027,'56 Thierer Drive','7904','Australia','Noellyn.Chatt@myemail.com'), 
('FG00623','Ms','Melisse','Gebby','1985-1-7','F','EC08',4359317605,'92 Scoville Drive','6817','Australia','Melisse.Gebby@myemail.com'), 
('FG00624','Mrs','Damita','Beckett','2000-8-19','F','EC09',8573217792,'2 Susan Street','1424','Australia','Damita.Beckett@myemail.com'), 
('FG00625','Ms','Cilka','Tunny','1995-7-27','F','EC10',4584007669,'4 Scott Plaza','5839','Australia','Cilka.Tunny@myemail.com'), 
('FG00626','Mrs','Deeyn','Mashro','1969-2-23','F','EC11',6117533042,'49 Carpenter Trail','7803','Australia','Deeyn.Mashro@myemail.com'), 
('FG00627','Mr','Germain','Hindhaugh','1984-8-11','M','EC12',1914771382,'74039 Homewood Alley','1028','Australia','Germain.Hindhaugh@myemail.com'), 
('FG00628','Mr','Ramsay','Goering','1955-5-14','M','EC13',9093533428,'2937 Clyde Gallagher Way','1181','Australia','Ramsay.Goering@myemail.com'), 
('FG00629','Ms','Maria','Kareman','1975-5-28','F','EC14',7804717077,'8206 Park Meadow Avenue','1120','Australia','Maria.Kareman@myemail.com'), 
('FG00630','Mr','Hillier','Lebbern','1996-2-16','M','EC15',4936865865,'2 Menomonie Street','1391','Australia','Hillier.Lebbern@myemail.com'), 
('FG00631','Mrs','Sharl','Schubart','1952-4-17','F','EC16',9456881979,'825 Cottonwood Drive','5899','Australia','Sharl.Schubart@myemail.com'), 
('FG00632','Ms','Mariette','Gianullo','1950-5-3','F','EC17',9845899472,'01 Rutledge Place','1325','Australia','Mariette.Gianullo@myemail.com'), 
('FG00633','Mr','Gustav','Gruby','1951-8-18','M','EC18',2627393355,'13 Roxbury Terrace','9010','Australia','Gustav.Gruby@myemail.com'), 
('FG00634','Mr','Lonnie','Hrihorovich','1996-3-10','M','EC01',2781034410,'475 Reinke Place','1694','Australia','Lonnie.Hrihorovich@myemail.com'), 
('FG00635','Mr','Chaddy','Dench','1968-6-10','M','EC02',2436325116,'07577 Grasskamp Center','1213','Australia','Chaddy.Dench@myemail.com'), 
('FG00636','Mrs','Fawnia','Mham','1964-11-16','F','EC03',5479476259,'9801 Steensland Pass','6817','Australia','Fawnia.Mham@myemail.com'), 
('FG00637','Ms','Carmine','Ewbank','1977-1-15','F','EC04',3008477688,'13 Amoth Pass','6817','Australia','Carmine.Ewbank@myemail.com'), 
('FG00638','Mrs','Vinnie','Dibling','1961-11-21','F','EC05',2569092217,'895 Schlimgen Point','1009','Australia','Vinnie.Dibling@myemail.com'), 
('FG00639','Mr','Arlin','Inwood','1995-6-15','M','EC06',8242625233,'607 Darwin Pass','1191','Australia','Arlin.Inwood@myemail.com'), 
('FG00640','Ms','Elvira','Faro','1955-11-30','F','EC07',8907848468,'8559 Dwight Street','1109','Australia','Elvira.Faro@myemail.com'), 
('FG00641','Mr','Xenos','Tranfield','1976-3-19','M','EC08',5049704604,'70 Blue Bill Park Lane','6817','Australia','Xenos.Tranfield@myemail.com'), 
('FG00642','Mr','Erastus','Pinchen','1973-10-7','M','EC09',9821175919,'1123 Ridge Oak Way','1196','Australia','Erastus.Pinchen@myemail.com'), 
('FG00643','Mr','Chrissy','Champagne','1957-10-22','M','EC10',4898339512,'8046 Montana Circle','6817','Australia','Chrissy.Champagne@myemail.com'), 
('FG00644','Mrs','Briana','Storkes','1978-9-29','F','EC11',5517010703,'876 Sugar Pass','1009','Australia','Briana.Storkes@myemail.com'), 
('FG00645','Mr','Free','Bichener','1987-10-15','M','EC12',9102577498,'5 Duke Point','7803','Australia','Free.Bichener@myemail.com'), 
('FG00646','Ms','Legra','Thirtle','1971-8-2','F','EC13',3697431112,'76620 Barby Pass','1424','Australia','Legra.Thirtle@myemail.com'), 
('FG00647','Mr','Reidar','Campany','1975-7-23','M','EC14',2861104044,'44763 Farmco Avenue','1120','Australia','Reidar.Campany@myemail.com'), 
('FG00648','Mrs','Carrie','Hardway','1962-8-16','F','EC15',3177278792,'4919 Prairieview Drive','1235','Australia','Carrie.Hardway@myemail.com'), 
('FG00649','Ms','Yovonnda','Uc','1972-12-16','F','EC16',1655979516,'9 Fulton Lane','1325','Australia','Yovonnda.Uc@myemail.com'), 
('FG00650','Mrs','Lotte','Dows','1973-9-4','F','EC17',4232658621,'9732 Glendale Point','6843','Australia','Lotte.Dows@myemail.com'), 
('FG00651','Mr','Arne','Leser','1956-4-6','M','EC18',5172728700,'21643 Hooker Junction','1140','Australia','Arne.Leser@myemail.com'), 
('FG00652','Mr','Trumaine','Roony','1992-12-8','M','EC01',4395827578,'6824 Mockingbird Road','7808','Australia','Trumaine.Roony@myemail.com'), 
('FG00653','Mr','Hillel','Flannery','1996-10-30','M','EC02',9502709668,'228 Eastlawn Plaza','5839','Australia','Hillel.Flannery@myemail.com'), 
('FG00654','Ms','Darline','Girkins','1975-3-17','F','EC03',7072757089,'77352 Lyons Center','7904','Australia','Darline.Girkins@myemail.com'), 
('FG00655','Mrs','Thekla','Dan','1998-11-4','F','EC04',3617370749,'31 Forest Dale Plaza','1171','Australia','Thekla.Dan@myemail.com'), 
('FG00656','Mr','Xever','Haquard','1978-10-24','M','EC05',1315082354,'83 Heath Way','5869','Australia','Xever.Haquard@myemail.com'), 
('FG00657','Ms','Joice','Balducci','1973-11-7','F','EC06',2525139031,'49 Magdeline Way','1033','Australia','Joice.Balducci@myemail.com'), 
('FG00658','Mr','Jaimie','Ritchard','1967-6-5','M','EC07',1078121590,'76222 Green Ridge Hill','1325','Australia','Jaimie.Ritchard@myemail.com'), 
('FG00659','Mr','Bradly','Greener','1963-5-27','M','EC08',1467879709,'43 Briar Crest Place','1171','Australia','Bradly.Greener@myemail.com'), 
('FG00660','Mr','Matthias','Blyde','1974-4-16','M','EC09',8334762424,'2 Lunder Avenue','1130','Australia','Matthias.Blyde@myemail.com'), 
('FG00661','Mrs','Carolin','Shepherd','1977-10-4','F','EC10',1408114485,'4356 Eliot Way','1325','Australia','Carolin.Shepherd@myemail.com'), 
('FG00662','Mr','Gardner','Mullally','1975-2-25','M','EC11',2427110774,'44801 Ridgeway Crossing','1009','Australia','Gardner.Mullally@myemail.com'), 
('FG00663','Mr','Scotti','Risbridge','1958-1-22','M','EC12',2324183585,'6566 Truax Lane','5874','Australia','Scotti.Risbridge@myemail.com'), 
('FG00664','Ms','Rafa','Janssen','1992-4-3','F','EC13',4116796590,'52 Lerdahl Court','1043','Australia','Rafa.Janssen@myemail.com'), 
('FG00665','Mr','Stefano','Commin','1957-9-2','M','EC14',8927516897,'80 Hanson Parkway','1213','Australia','Stefano.Commin@myemail.com'), 
('FG00666','Mrs','Shari','Edney','1988-6-30','F','EC15',2364848185,'5 Pennsylvania Street','1120','Australia','Shari.Edney@myemail.com'), 
('FG00667','Mr','Moses','Grise','1977-1-18','M','EC16',1617735035,'09 Debs Parkway','6843','Australia','Moses.Grise@myemail.com'), 
('FG00668','Mr','Worthy','Dilliston','1970-11-5','M','EC17',9515045057,'9 Del Sol Center','8383','Australia','Worthy.Dilliston@myemail.com'), 
('FG00669','Mr','Kain','Nerney','1970-12-24','M','EC18',5532091524,'25 Quincy Lane','5899','Australia','Kain.Nerney@myemail.com'), 
('FG00670','Mr','Benoit','Grinyov','1975-9-29','M','EC03',7231592117,'4675 Dakota Plaza','1009','Australia','Benoit.Grinyov@myemail.com'), 
('FG00671','Mr','Palmer','Checkley','1998-6-21','M','EC04',3269289020,'80416 Everett Terrace','5899','Australia','Palmer.Checkley@myemail.com'), 
('FG00672','Mr','Horten','Grimbleby','1986-10-31','M','EC05',5645676650,'5173 Petterle Lane','7916','Australia','Horten.Grimbleby@myemail.com'), 
('FG00673','Mr','Quintin','Cowderoy','1991-4-25','M','EC06',7015745131,'36 Oxford Crossing','7916','Australia','Quintin.Cowderoy@myemail.com'), 
('FG00674','Mr','Tuck','Snaith','1966-11-12','M','EC07',6398695586,'8546 Linden Avenue','5874','Australia','Tuck.Snaith@myemail.com'), 
('FG00675','Ms','Thomasine','Halsted','1955-9-22','F','EC08',6653089739,'17 Cardinal Street','1028','Australia','Thomasine.Halsted@myemail.com'), 
('FG00676','Mrs','Letisha','Cottill','1996-5-10','F','EC09',4445558758,'390 Holy Cross Circle','5869','Australia','Letisha.Cottill@myemail.com'), 
('FG00677','Mr','Ganny','Speake','1976-10-13','M','EC10',6788566787,'11950 Grasskamp Hill','1424','Australia','Ganny.Speake@myemail.com'), 
('FG00678','Mr','Vance','Haggerston','1997-1-25','M','EC11',6906546020,'64025 Maryland Park','1181','Australia','Vance.Haggerston@myemail.com'), 
('FG00679','Mr','Osgood','Curd','1957-1-24','M','EC12',1452311420,'5442 Mayfield Road','6817','Australia','Osgood.Curd@myemail.com'), 
('FG00680','Mr','Irwin','Smythin','1952-10-11','M','EC03',9174225567,'9894 High Crossing Center','1033','Australia','Irwin.Smythin@myemail.com'), 
('FG00681','Mr','Teddie','Ruzic','1994-9-4','M','EC04',8201025809,'5 Lakeland Trail','7904','Australia','Teddie.Ruzic@myemail.com'), 
('FG00682','Ms','Dru','Sanders','1992-2-11','F','EC05',5139743523,'9 Green Ridge Street','1315','Australia','Dru.Sanders@myemail.com'), 
('FG00683','Mr','Sly','Chilles','1992-3-11','M','EC06',8073661781,'54368 Manufacturers Street','1043','Australia','Sly.Chilles@myemail.com'), 
('FG00684','Mrs','Aryn','Woolis','1992-4-11','F','EC07',8837606977,'323 Johnson Center','5869','Australia','Aryn.Woolis@myemail.com'), 