employee_id,prefix,first_name,last_name,gender,work_phone,base_location,work_country,country_code,email,department,role,grade,join_date,
('FG00576','Ms','Georgena','Whitnell','F',447388495760,'Swindon','United Kingdom','GB','Georgena.Whitnell@fairgrocery.com','Accounting & Finance','Controller ','G4','2019-2-24'), 
('FG00583','Mrs','Patrica','Baiden','F',444726007876,'Belfast','United Kingdom','GB','Patrica.Baiden@fairgrocery.com','Accounting & Finance','Accounting Manager','G4','2019-3-3'), 
('FG00584','Ms','Mersey','Beardsell','F',444511761926,'Church End','United Kingdom','GB','Mersey.Beardsell@fairgrocery.com','Accounting & Finance','Senior Accountant','G3','2019-3-4'), 
('FG00669','Mr','Kain','Nerney','M',618089468072,'Adelaide Mail Centre','Australia','AU','Kain.Nerney@fairgrocery.com','Accounting & Finance','Finance Director','G5','2018-3-29'), 
('FG00670','Mr','Benoit','Grinyov','M',618398708696,'Sydney','Australia','AU','Benoit.Grinyov@fairgrocery.com','Accounting & Finance','Controller ','G4','2018-3-30'), 
('FG00671','Mr','Palmer','Checkley','M',619555238518,'Adelaide Mail Centre','Australia','AU','Palmer.Checkley@fairgrocery.com','Accounting & Finance','Accountant','G3','2018-3-31'), 
('FG00541','Mr','Conney','Swanborough','M',447322225058,'Glasgow','United Kingdom','GB','Conney.Swanborough@fairgrocery.com','Branch Operations','Branch Manager','G4','2018-4-10'), 
('FG00542','Mr','Witty','Bourgour','M',448816712267,'Wootton','United Kingdom','GB','Witty.Bourgour@fairgrocery.com','Branch Operations','Branch Manager','G4','2018-5-10'), 
('FG00543','Mr','Bayard','Flippelli','M',442975876308,'Liverpool','United Kingdom','GB','Bayard.Flippelli@fairgrocery.com','Branch Operations','Branch Manager','G4','2018-6-10'), 
('FG00544','Mr','Morgan','Deetlof','M',443818437175,'Kirkton','United Kingdom','GB','Morgan.Deetlof@fairgrocery.com','Branch Operations','Branch Assistant','G2','2018-7-10'), 
('FG00545','Mr','Lionel','Goslin','M',446262399649,'London','United Kingdom','GB','Lionel.Goslin@fairgrocery.com','Branch Operations','Branch Manager','G4','2018-8-10'), 
('FG00546','Ms','Morissa','Coleshill','F',449999145095,'Buckland','United Kingdom','GB','Morissa.Coleshill@fairgrocery.com','Branch Operations','Branch Assistant','G2','2016-2-4'), 
('FG00547','Mr','Ludovico','Molyneaux','M',448302421418,'Brampton','United Kingdom','GB','Ludovico.Molyneaux@fairgrocery.com','Branch Operations','Branch Assistant','G2','2016-2-5'), 
('FG00548','Mr','Ham','Asgodby','M',446778296793,'Milton','United Kingdom','GB','Ham.Asgodby@fairgrocery.com','Branch Operations','Branch Assistant','G2','2016-2-6'), 
('FG00549','Mrs','Almeta','Willatt','F',444776871986,'Newton','United Kingdom','GB','Almeta.Willatt@fairgrocery.com','Branch Operations','Branch Assistant','G2','2016-2-7'), 
('FG00550','Ms','Annabel','Bunner','F',442525176193,'Burnside','United Kingdom','GB','Annabel.Bunner@fairgrocery.com','Branch Operations','Branch Assistant','G2','2016-2-8'), 
('FG00551','Mr','Martie','Woodyer','M',441821084809,'Buckland','United Kingdom','GB','Martie.Woodyer@fairgrocery.com','Branch Operations','Branch Assistant','G2','2016-2-9'), 
('FG00552','Mr','Alva','O'Suaird','M',446901352975,'Newbiggin','United Kingdom','GB','Alva.O'Suaird@fairgrocery.com','Branch Operations','Branch Assistant','G2','2016-2-10'), 
('FG00553','Mrs','Kelila','Hennington','F',444685498744,'Whitchurch','United Kingdom','GB','Kelila.Hennington@fairgrocery.com','Branch Operations','Branch Assistant','G2','2016-2-11'), 
('FG00554','Mr','Conn','Groome','M',442523568765,'Bradford','United Kingdom','GB','Conn.Groome@fairgrocery.com','Branch Operations','Branch Assistant','G2','2016-2-12'), 
('FG00555','Mr','Hazlett','Librey','M',446872248018,'Pentre','United Kingdom','GB','Hazlett.Librey@fairgrocery.com','Branch Operations','Branch Assistant','G1','2020-2-3'), 
('FG00556','Ms','Umeko','Kensall','F',441992501944,'Eaton','United Kingdom','GB','Umeko.Kensall@fairgrocery.com','Branch Operations','Branch Assistant','G1','2020-2-4'), 
('FG00557','Mrs','Roze','Siburn','F',444114857528,'Hatton','United Kingdom','GB','Roze.Siburn@fairgrocery.com','Branch Operations','Branch Assistant','G1','2020-2-5'), 
('FG00558','Ms','Darcee','McEntee','F',448491527229,'Merton','United Kingdom','GB','Darcee.McEntee@fairgrocery.com','Branch Operations','Branch Assistant','G1','2020-2-6'), 
('FG00559','Mr','Corey','Kollatsch','M',443981020136,'Newtown','United Kingdom','GB','Corey.Kollatsch@fairgrocery.com','Branch Operations','Branch Assistant','G1','2020-2-7'), 
('FG00560','Mr','Alejandro','Wyndham','M',447375164867,'Eaton','United Kingdom','GB','Alejandro.Wyndham@fairgrocery.com','Branch Operations','Branch Assistant','G1','2020-2-8'), 
('FG00561','Mrs','Shirline','Korting','F',443483224888,'Manchester','United Kingdom','GB','Shirline.Korting@fairgrocery.com','Branch Operations','Branch Assistant','G1','2020-2-9'), 
('FG00562','Ms','Nedi','Kulis','F',448523334759,'London','United Kingdom','GB','Nedi.Kulis@fairgrocery.com','Branch Operations','Branch Assistant','G1','2020-2-10'), 
('FG00563','Mrs','Marisa','Harlowe','F',441463430478,'Normanton','United Kingdom','GB','Marisa.Harlowe@fairgrocery.com','Branch Operations','Branch Assistant','G1','2020-2-11'), 
('FG00564','Ms','Franciska','Harkins','F',449411864449,'East End','United Kingdom','GB','Franciska.Harkins@fairgrocery.com','Branch Operations','Branch Assistant','G1','2020-2-12'), 
('FG00565','Mr','Tymon','Masi','M',447262445623,'Norton','United Kingdom','GB','Tymon.Masi@fairgrocery.com','Branch Operations','Branch Assistant','G1','2020-2-13'), 
('FG00566','Mrs','Yovonnda','Dearsley','F',445504290555,'Seaton','United Kingdom','GB','Yovonnda.Dearsley@fairgrocery.com','Branch Operations','Branch Assistant','G1','2020-2-14'), 
('FG00567','Ms','Rubie','Westwood','F',443748791614,'Denton','United Kingdom','GB','Rubie.Westwood@fairgrocery.com','Branch Operations','Branch Assistant','G1','2020-2-15'), 
('FG00568','Mrs','Gwenette','Weerdenburg','F',448002535710,'Whitchurch','United Kingdom','GB','Gwenette.Weerdenburg@fairgrocery.com','Branch Operations','Branch Assistant','G1','2020-2-16'), 
('FG00569','Mr','Sholom','Farrar','M',446226988578,'Wirral','United Kingdom','GB','Sholom.Farrar@fairgrocery.com','Branch Operations','Branch Assistant','G1','2020-2-17'), 
('FG00570','Ms','Maible','Burkart','F',442996198761,'Sheffield','United Kingdom','GB','Maible.Burkart@fairgrocery.com','Branch Operations','Branch Assistant','G1','2020-2-18'), 
('FG00571','Mrs','Ruthi','Lisciandri','F',446831099225,'Horton','United Kingdom','GB','Ruthi.Lisciandri@fairgrocery.com','Branch Operations','Branch Assistant','G1','2020-2-19'), 
('FG00572','Mr','Alessandro','Habbal','M',448038682073,'Newton','United Kingdom','GB','Alessandro.Habbal@fairgrocery.com','Branch Operations','Branch Assistant','G1','2020-2-20'), 
('FG00573','Ms','Eve','Littleproud','F',444963793216,'Kirkton','United Kingdom','GB','Eve.Littleproud@fairgrocery.com','Branch Operations','Branch Assistant','G1','2020-2-21'), 
('FG00628','Mr','Ramsay','Goering','M',613168266752,'Sydney','Australia','AU','Ramsay.Goering@fairgrocery.com','Branch Operations','Branch Manager','G4','2013-5-20'), 
('FG00629','Ms','Maria','Kareman','F',619119491342,'Sydney','Australia','AU','Maria.Kareman@fairgrocery.com','Branch Operations','Branch Assistant','G2','2013-5-21'), 
('FG00630','Mr','Hillier','Lebbern','M',615112809536,'Eastern Suburbs Mc','Australia','AU','Hillier.Lebbern@fairgrocery.com','Branch Operations','Branch Assistant','G2','2013-5-22'), 
('FG00631','Mrs','Sharl','Schubart','F',615513329750,'Adelaide Mail Centre','Australia','AU','Sharl.Schubart@fairgrocery.com','Branch Operations','Branch Assistant','G2','2013-5-23'), 
('FG00632','Ms','Mariette','Gianullo','F',617306780772,'Eastern Suburbs Mc','Australia','AU','Mariette.Gianullo@fairgrocery.com','Branch Operations','Branch Assistant','G2','2013-5-24'), 
('FG00633','Mr','Gustav','Gruby','M',617739441853,'Brisbane','Australia','AU','Gustav.Gruby@fairgrocery.com','Branch Operations','Branch Assistant','G2','2013-5-25'), 
('FG00634','Mr','Lonnie','Hrihorovich','M',617961514082,'Northern Suburbs Mc','Australia','AU','Lonnie.Hrihorovich@fairgrocery.com','Branch Operations','Branch Assistant','G2','2017-7-8'), 
('FG00635','Mr','Chaddy','Dench','M',612621705550,'Australia Square','Australia','AU','Chaddy.Dench@fairgrocery.com','Branch Operations','Branch Assistant','G2','2017-7-9'), 
('FG00636','Mrs','Fawnia','Mham','F',616933192275,'Perth','Australia','AU','Fawnia.Mham@fairgrocery.com','Branch Operations','Branch Manager','G4','2017-7-10'), 
('FG00637','Ms','Carmine','Ewbank','F',617263758390,'Perth','Australia','AU','Carmine.Ewbank@fairgrocery.com','Branch Operations','Branch Assistant','G2','2017-7-11'), 
('FG00638','Mrs','Vinnie','Dibling','F',618043576908,'Sydney','Australia','AU','Vinnie.Dibling@fairgrocery.com','Branch Operations','Branch Assistant','G2','2017-7-12'), 
('FG00639','Mr','Arlin','Inwood','M',614129512984,'Sydney','Australia','AU','Arlin.Inwood@fairgrocery.com','Branch Operations','Branch Assistant','G2','2017-7-13'), 
('FG00640','Ms','Elvira','Faro','F',613461376950,'Sydney','Australia','AU','Elvira.Faro@fairgrocery.com','Branch Operations','Branch Assistant','G2','2017-7-14'), 
('FG00641','Mr','Xenos','Tranfield','M',611499276650,'Perth','Australia','AU','Xenos.Tranfield@fairgrocery.com','Branch Operations','Branch Assistant','G2','2017-7-15'), 
('FG00642','Mr','Erastus','Pinchen','M',611271121934,'Sydney','Australia','AU','Erastus.Pinchen@fairgrocery.com','Branch Operations','Branch Assistant','G2','2017-7-16'), 
('FG00643','Mr','Chrissy','Champagne','M',618492365104,'Perth','Australia','AU','Chrissy.Champagne@fairgrocery.com','Branch Operations','Branch Assistant','G1','2017-7-17'), 
('FG00644','Mrs','Briana','Storkes','F',618689388018,'Sydney','Australia','AU','Briana.Storkes@fairgrocery.com','Branch Operations','Branch Assistant','G1','2017-7-18'), 
('FG00645','Mr','Free','Bichener','M',615775386791,'Hobart','Australia','AU','Free.Bichener@fairgrocery.com','Branch Operations','Branch Assistant','G1','2017-7-19'), 
('FG00646','Ms','Legra','Thirtle','F',615899056959,'Strawberry Hills','Australia','AU','Legra.Thirtle@fairgrocery.com','Branch Operations','Branch Assistant','G1','2017-7-20'), 
('FG00647','Mr','Reidar','Campany','M',617125010368,'Sydney','Australia','AU','Reidar.Campany@fairgrocery.com','Branch Operations','Branch Assistant','G1','2017-7-21'), 
('FG00648','Mrs','Carrie','Hardway','F',612834802693,'Sydney South','Australia','AU','Carrie.Hardway@fairgrocery.com','Branch Operations','Branch Assistant','G1','2017-7-22'), 
('FG00649','Ms','Yovonnda','Uc','F',613832761507,'Eastern Suburbs Mc','Australia','AU','Yovonnda.Uc@fairgrocery.com','Branch Operations','Branch Assistant','G1','2017-7-23'), 
('FG00650','Mrs','Lotte','Dows','F',618258872652,'Perth','Australia','AU','Lotte.Dows@fairgrocery.com','Branch Operations','Branch Assistant','G1','2017-7-24'), 
('FG00651','Mr','Arne','Leser','M',617133217841,'Sydney','Australia','AU','Arne.Leser@fairgrocery.com','Branch Operations','Branch Assistant','G1','2017-3-12'), 
('FG00652','Mr','Trumaine','Roony','M',619192424983,'Hobart','Australia','AU','Trumaine.Roony@fairgrocery.com','Branch Operations','Branch Assistant','G1','2017-3-13'), 
('FG00653','Mr','Hillel','Flannery','M',611207959753,'Adelaide','Australia','AU','Hillel.Flannery@fairgrocery.com','Branch Operations','Branch Manager','G4','2017-3-14'), 
('FG00654','Ms','Darline','Girkins','F',617557823942,'Launceston','Australia','AU','Darline.Girkins@fairgrocery.com','Branch Operations','Branch Assistant','G1','2017-3-15'), 
('FG00655','Mrs','Thekla','Dan','F',619206306902,'Sydney','Australia','AU','Thekla.Dan@fairgrocery.com','Branch Operations','Branch Assistant','G1','2017-3-16'), 
('FG00656','Mr','Xever','Haquard','M',616508716619,'Adelaide Mail Centre','Australia','AU','Xever.Haquard@fairgrocery.com','Branch Operations','Branch Assistant','G1','2017-3-17'), 
('FG00657','Ms','Joice','Balducci','F',611328769498,'Sydney','Australia','AU','Joice.Balducci@fairgrocery.com','Branch Operations','Branch Assistant','G1','2017-3-18'), 
('FG00658','Mr','Jaimie','Ritchard','M',613875765146,'Eastern Suburbs Mc','Australia','AU','Jaimie.Ritchard@fairgrocery.com','Branch Operations','Branch Assistant','G1','2017-3-19'), 
('FG00659','Mr','Bradly','Greener','M',615831642776,'Sydney','Australia','AU','Bradly.Greener@fairgrocery.com','Branch Operations','Branch Assistant','G1','2017-3-20'), 
('FG00660','Mr','Matthias','Blyde','M',617891598230,'Sydney','Australia','AU','Matthias.Blyde@fairgrocery.com','Branch Operations','Branch Assistant','G1','2017-3-21'), 
('FG00661','Mrs','Carolin','Shepherd','F',615108424658,'Eastern Suburbs Mc','Australia','AU','Carolin.Shepherd@fairgrocery.com','Branch Operations','Branch Assistant','G1','2017-3-22'), 
('FG00662','Mr','Gardner','Mullally','M',619437757359,'Sydney','Australia','AU','Gardner.Mullally@fairgrocery.com','Branch Operations','Branch Assistant','G1','2018-3-22'), 
('FG00663','Mr','Scotti','Risbridge','M',612065340248,'Adelaide Mail Centre','Australia','AU','Scotti.Risbridge@fairgrocery.com','Branch Operations','Branch Assistant','G1','2018-3-23'), 
('FG00664','Ms','Rafa','Janssen','F',611272762085,'Sydney','Australia','AU','Rafa.Janssen@fairgrocery.com','Branch Operations','Branch Assistant','G1','2018-3-24'), 
('FG00665','Mr','Stefano','Commin','M',617327598688,'Australia Square','Australia','AU','Stefano.Commin@fairgrocery.com','Branch Operations','Branch Assistant','G1','2018-3-25'), 
('FG00666','Mrs','Shari','Edney','F',615399749965,'Sydney','Australia','AU','Shari.Edney@fairgrocery.com','Branch Operations','Branch Assistant','G1','2018-3-26'), 
('FG00667','Mr','Moses','Grise','M',619681468819,'Perth','Australia','AU','Moses.Grise@fairgrocery.com','Branch Operations','Branch Assistant','G1','2018-3-27'), 
('FG00668','Mr','Worthy','Dilliston','M',611284618098,'Melbourne','Australia','AU','Worthy.Dilliston@fairgrocery.com','Branch Operations','Branch Manager','G4','2018-3-28'), 
('FG00580','Mr','Jeffrey','Filan','M',441056264422,'Normanton','United Kingdom','GB','Jeffrey.Filan@fairgrocery.com','Business Development','Business Development Analyst','G2','2019-2-28'), 
('FG00581','Ms','Ginny','Vasyutichev','F',448269380960,'Newton','United Kingdom','GB','Ginny.Vasyutichev@fairgrocery.com','Business Development','Business Development Associate ','G3','2019-3-1'), 
('FG00683','Mr','Sly','Chilles','M',611934647356,'Sydney','Australia','AU','Sly.Chilles@fairgrocery.com','Business Development','Director of Business Development','G5','2018-4-12'), 
('FG00574','Mrs','Gizela','Spavon','F',442026249343,'Halton','United Kingdom','GB','Gizela.Spavon@fairgrocery.com','Human Resources','HR Coordinator','G1','2019-2-22'), 
('FG00579','Mr','Terri','Beccero','M',442816925474,'Manchester','United Kingdom','GB','Terri.Beccero@fairgrocery.com','Human Resources','Recruiter','G2','2019-2-27'), 
('FG00672','Mr','Horten','Grimbleby','M',611767557505,'Launceston','Australia','AU','Horten.Grimbleby@fairgrocery.com','Human Resources','HR Director','G5','2019-4-1'), 
('FG00673','Mr','Quintin','Cowderoy','M',613525836004,'Launceston','Australia','AU','Quintin.Cowderoy@fairgrocery.com','Human Resources','HR Manager (Compensation & Benefits)','G4','2018-4-2'), 
('FG00674','Mr','Tuck','Snaith','M',619969694970,'Adelaide Mail Centre','Australia','AU','Tuck.Snaith@fairgrocery.com','Human Resources','HR Manager (Employee Relations)','G4','2018-4-3'), 
('FG00675','Ms','Thomasine','Halsted','F',613346888148,'Sydney','Australia','AU','Thomasine.Halsted@fairgrocery.com','Human Resources','HR Manager (Recruitment)','G4','2018-4-4'), 
('FG00676','Mrs','Letisha','Cottill','F',611301728981,'Adelaide Mail Centre','Australia','AU','Letisha.Cottill@fairgrocery.com','Human Resources','HR Manager (Training)','G4','2018-4-5'), 
('FG00677','Mr','Ganny','Speake','M',611879287544,'Strawberry Hills','Australia','AU','Ganny.Speake@fairgrocery.com','Human Resources','Chief Diversity Officer','G4','2014-4-6'), 
('FG00678','Mr','Vance','Haggerston','M',612195475142,'Sydney','Australia','AU','Vance.Haggerston@fairgrocery.com','Human Resources','Recruiter','G3','2018-4-7'), 
('FG00679','Mr','Osgood','Curd','M',617281450238,'Perth','Australia','AU','Osgood.Curd@fairgrocery.com','Human Resources','HR Coordinator','G2','2018-4-8'), 
('FG00582','Mr','Duane','Gillis','M',441489520536,'Wootton','United Kingdom','GB','Duane.Gillis@fairgrocery.com','Legal','Legal Counsel','G4','2019-3-2'), 
('FG00682','Ms','Dru','Sanders','F',617443244321,'Eastern Suburbs Mc','Australia','AU','Dru.Sanders@fairgrocery.com','Legal','Legal Counsel','G4','2018-4-11'), 
('FG00575','Mr','Dion','Thewless','M',447584216623,'Glasgow','United Kingdom','GB','Dion.Thewless@fairgrocery.com','Marketing','Marketing Director','G5','2019-2-23'), 
('FG00577','Mrs','Aggie','Guinn','F',442358631144,'West End','United Kingdom','GB','Aggie.Guinn@fairgrocery.com','Marketing','Content Analyst','G2','2019-2-25'), 
('FG00578','Mr','Bastien','Keeley','M',442298999362,'Aberdeen','United Kingdom','GB','Bastien.Keeley@fairgrocery.com','Marketing','SEO Specialist','G2','2019-2-26'), 
('FG00680','Mr','Irwin','Smythin','M',617147042829,'Sydney','Australia','AU','Irwin.Smythin@fairgrocery.com','Marketing','Marketing Analyst','G3','2015-4-9'), 
('FG00681','Mr','Teddie','Ruzic','M',613556725715,'Launceston','Australia','AU','Teddie.Ruzic@fairgrocery.com','Marketing','Marketing Associate','G2','2018-4-10'), 
('FG00003','Mr','Lanette','Dougherty','F',441051390279,'Weston','United Kingdom','GB','Lanette.Dougherty@fairgrocery.com','Warehouse & Delivery','Delivery Assistant','G2','2016-1-10'), 
('FG00066','Dr','Hatti','Milthorpe','F',442861353778,'Bradford','United Kingdom','GB','Hatti.Milthorpe@fairgrocery.com','Warehouse & Delivery','Delivery Manager','G4','2016-2-10'), 
('FG00081','Ms','Stevy','Meadmore','M',444772617763,'Ford','United Kingdom','GB','Stevy.Meadmore@fairgrocery.com','Warehouse & Delivery','Delivery Assistant','G2','2016-3-10'), 
('FG00091','Mr','Wade','Seares','M',442782214036,'Buckland','United Kingdom','GB','Wade.Seares@fairgrocery.com','Warehouse & Delivery','Delivery Assistant','G2','2016-4-10'), 
('FG00147','Mr','Seline','Gunstone','F',444101218365,'Newtown','United Kingdom','GB','Seline.Gunstone@fairgrocery.com','Warehouse & Delivery','Delivery Assistant','G2','2016-5-10'), 
('FG00156','Ms','Robinet','Brinsden','F',444762145302,'Liverpool','United Kingdom','GB','Robinet.Brinsden@fairgrocery.com','Warehouse & Delivery','Delivery Assistant','G2','2016-6-10'), 
('FG00187','Dr','Paulita','Mengue','F',449258647193,'Bristol','United Kingdom','GB','Paulita.Mengue@fairgrocery.com','Warehouse & Delivery','Delivery Manager','G4','2016-7-10'), 
('FG00235','Mr','Dick','Nabbs','M',445318654705,'Whitchurch','United Kingdom','GB','Dick.Nabbs@fairgrocery.com','Warehouse & Delivery','Delivery Assistant','G2','2016-8-10'), 
('FG00301','Mr','Beatrice','MacIan','F',447702770823,'Leeds','United Kingdom','GB','Beatrice.MacIan@fairgrocery.com','Warehouse & Delivery','Delivery Assistant','G2','2016-9-10'), 
('FG00355','Mr','Paxon','Buttner','M',442585487284,'Sheffield','United Kingdom','GB','Paxon.Buttner@fairgrocery.com','Warehouse & Delivery','Delivery Assistant','G2','2016-10-10'), 
('FG00368','Mrs','Bernette','Sandifer','F',442387504685,'Charlton','United Kingdom','GB','Bernette.Sandifer@fairgrocery.com','Warehouse & Delivery','Delivery Assistant','G2','2016-11-10'), 
('FG00410','Mr','Ashlen','Prestie','F',445547162540,'Twyford','United Kingdom','GB','Ashlen.Prestie@fairgrocery.com','Warehouse & Delivery','Delivery Assistant','G2','2016-12-10'), 
('FG00446','Mrs','Dukey','Feavearyear','M',445373957862,'Kirkton','United Kingdom','GB','Dukey.Feavearyear@fairgrocery.com','Warehouse & Delivery','Delivery Assistant','G2','2017-1-10'), 
('FG00470','Dr','Selle','Lanigan','F',448032572339,'Belfast','United Kingdom','GB','Selle.Lanigan@fairgrocery.com','Warehouse & Delivery','Delivery Assistant','G1','2017-2-10'), 
('FG00495','Ms','Page','Alexsandrowicz','F',444289892380,'Normanton','United Kingdom','GB','Page.Alexsandrowicz@fairgrocery.com','Warehouse & Delivery','Delivery Assistant','G1','2017-3-10'), 
('FG00497','Ms','Melitta','Smogur','F',449307309375,'Milton','United Kingdom','GB','Melitta.Smogur@fairgrocery.com','Warehouse & Delivery','Delivery Assistant','G1','2017-4-10'), 
('FG00498','Mr','Gail','Phebey','M',444153673526,'Charlton','United Kingdom','GB','Gail.Phebey@fairgrocery.com','Warehouse & Delivery','Delivery Assistant','G1','2017-5-10'), 
('FG00499','Mr','Ferrell','Aucourte','M',447057701240,'Langley','United Kingdom','GB','Ferrell.Aucourte@fairgrocery.com','Warehouse & Delivery','Delivery Assistant','G1','2017-6-10'), 
('FG00500','Mrs','Arabelle','Farndale','F',441559073924,'Buckland','United Kingdom','GB','Arabelle.Farndale@fairgrocery.com','Warehouse & Delivery','Delivery Assistant','G1','2017-7-10'), 
('FG00501','Ms','Tabby','Howse','F',448946749198,'East End','United Kingdom','GB','Tabby.Howse@fairgrocery.com','Warehouse & Delivery','Delivery Assistant','G1','2017-8-10'), 
('FG00502','Mrs','Issy','Vogl','F',446091498451,'Church End','United Kingdom','GB','Issy.Vogl@fairgrocery.com','Warehouse & Delivery','Delivery Assistant','G1','2017-9-10'), 
('FG00503','Mr','Buddy','Bagnell','M',444823439583,'Middleton','United Kingdom','GB','Buddy.Bagnell@fairgrocery.com','Warehouse & Delivery','Delivery Assistant','G1','2017-10-10'), 
('FG00504','Ms','Haleigh','Zuan','F',447126360449,'Linton','United Kingdom','GB','Haleigh.Zuan@fairgrocery.com','Warehouse & Delivery','Delivery Assistant','G1','2017-11-10'), 
('FG00505','Mrs','Carlina','Cabble','F',445504074376,'Newbiggin','United Kingdom','GB','Carlina.Cabble@fairgrocery.com','Warehouse & Delivery','Delivery Assistant','G1','2017-12-10'), 
('FG00506','Ms','Happy','Spurdens','F',444784847441,'Brampton','United Kingdom','GB','Happy.Spurdens@fairgrocery.com','Warehouse & Delivery','Delivery Assistant','G1','2018-1-10'), 
('FG00507','Mr','Mervin','Overstall','M',441718439972,'Carlton','United Kingdom','GB','Mervin.Overstall@fairgrocery.com','Warehouse & Delivery','Delivery Assistant','G1','2018-2-10'), 
('FG00508','Mr','Pebrook','Paulitschke','M',444649821991,'Liverpool','United Kingdom','GB','Pebrook.Paulitschke@fairgrocery.com','Warehouse & Delivery','Delivery Assistant','G1','2018-3-10'), 
('FG00509','Mr','Kellen','Du Pre','M',443638373189,'London','United Kingdom','GB','Kellen.Du Pre@fairgrocery.com','Warehouse & Delivery','Delivery Assistant','G1','2018-4-10'), 
('FG00510','Mrs','Robinia','Mapstone','F',445544778700,'Charlton','United Kingdom','GB','Robinia.Mapstone@fairgrocery.com','Warehouse & Delivery','Delivery Manager','G4','2014-9-1'), 
('FG00511','Ms','Darcey','Mortlock','F',448895714358,'Marston','United Kingdom','GB','Darcey.Mortlock@fairgrocery.com','Warehouse & Delivery','Warehouse Manager','G4','2011-1-23'), 
('FG00512','Mrs','Clem','Leates','F',441909689555,'Eaton','United Kingdom','GB','Clem.Leates@fairgrocery.com','Warehouse & Delivery','Warehouse Manager','G4','2007-6-16'), 
('FG00513','Ms','Paloma','Romke','F',448328258102,'Birmingham','United Kingdom','GB','Paloma.Romke@fairgrocery.com','Warehouse & Delivery','Warehouse Manager','G4','2010-5-18'), 
('FG00514','Mr','Vergil','Wagenen','M',443822325808,'Swindon','United Kingdom','GB','Vergil.Wagenen@fairgrocery.com','Warehouse & Delivery','Warehouse Assistant','G2','2018-1-10'), 
('FG00515','Mr','Sigfried','Philliskirk','M',448761477081,'Bradford','United Kingdom','GB','Sigfried.Philliskirk@fairgrocery.com','Warehouse & Delivery','Warehouse Assistant','G2','2018-2-10'), 
('FG00516','Mr','Giovanni','Trustey','M',447724890520,'Thorpe','United Kingdom','GB','Giovanni.Trustey@fairgrocery.com','Warehouse & Delivery','Warehouse Assistant','G2','2018-3-10'), 
('FG00517','Mrs','Ilene','Durtnall','F',449565925727,'Belfast','United Kingdom','GB','Ilene.Durtnall@fairgrocery.com','Warehouse & Delivery','Warehouse Assistant','G2','2018-1-10'), 
('FG00518','Mr','Cam','Arpe','M',448499125953,'Stapleford','United Kingdom','GB','Cam.Arpe@fairgrocery.com','Warehouse & Delivery','Warehouse Assistant','G2','2018-2-10'), 
('FG00519','Mr','Christophorus','Branford','M',448422793617,'Church End','United Kingdom','GB','Christophorus.Branford@fairgrocery.com','Warehouse & Delivery','Warehouse Assistant','G2','2018-3-10'), 
('FG00520','Mr','Kurt','Bineham','M',445396485737,'Charlton','United Kingdom','GB','Kurt.Bineham@fairgrocery.com','Warehouse & Delivery','Warehouse Assistant','G2','2018-1-10'), 
('FG00521','Ms','Lorilee','Mallabone','F',444917687194,'Burnside','United Kingdom','GB','Lorilee.Mallabone@fairgrocery.com','Warehouse & Delivery','Warehouse Assistant','G2','2018-2-10'), 
('FG00522','Mr','Paxton','Adams','M',446396684367,'Swindon','United Kingdom','GB','Paxton.Adams@fairgrocery.com','Warehouse & Delivery','Warehouse Assistant','G1','2018-3-10'), 
('FG00523','Mrs','Emyle','Yoell','F',442345937110,'Whitchurch','United Kingdom','GB','Emyle.Yoell@fairgrocery.com','Warehouse & Delivery','Warehouse Assistant','G1','2018-1-10'), 
('FG00524','Ms','Sean','Grimbleby','F',443142486870,'Horton','United Kingdom','GB','Sean.Grimbleby@fairgrocery.com','Warehouse & Delivery','Warehouse Assistant','G1','2019-2-10'), 
('FG00525','Mrs','Denny','Slayny','F',449813754588,'Burnside','United Kingdom','GB','Denny.Slayny@fairgrocery.com','Warehouse & Delivery','Warehouse Assistant','G1','2019-2-11'), 
('FG00526','Mr','Clim','Treker','M',444793618310,'Birmingham','United Kingdom','GB','Clim.Treker@fairgrocery.com','Warehouse & Delivery','Warehouse Assistant','G1','2019-2-12'), 
('FG00527','Ms','Olympie','Papaccio','F',442737463451,'Kirkton','United Kingdom','GB','Olympie.Papaccio@fairgrocery.com','Warehouse & Delivery','Warehouse Assistant','G1','2019-2-13'), 
('FG00528','Mr','Harris','Rabbatts','M',449345933471,'Tullich','United Kingdom','GB','Harris.Rabbatts@fairgrocery.com','Warehouse & Delivery','Warehouse Assistant','G1','2019-2-14'), 
('FG00529','Mrs','Jennette','Keer','F',447487256416,'Kingston','United Kingdom','GB','Jennette.Keer@fairgrocery.com','Warehouse & Delivery','Warehouse Assistant','G1','2019-2-15'), 
('FG00530','Mr','Cad','Greenough','M',445468575252,'Newton','United Kingdom','GB','Cad.Greenough@fairgrocery.com','Warehouse & Delivery','Warehouse Assistant','G1','2018-2-10'), 
('FG00531','Ms','Edee','Pavolini','F',446707280303,'Normanton','United Kingdom','GB','Edee.Pavolini@fairgrocery.com','Warehouse & Delivery','Warehouse Assistant','G1','2018-3-10'), 
('FG00532','Mr','Dylan','Finlay','M',441574803601,'Aberdeen','United Kingdom','GB','Dylan.Finlay@fairgrocery.com','Warehouse & Delivery','Warehouse Assistant','G1','2018-1-10'), 
('FG00533','Mrs','Kimberley','Oty','F',446573391681,'Buckland','United Kingdom','GB','Kimberley.Oty@fairgrocery.com','Warehouse & Delivery','Warehouse Assistant','G1','2018-2-10'), 
('FG00534','Ms','Ginelle','Hulk','F',443102793680,'Swindon','United Kingdom','GB','Ginelle.Hulk@fairgrocery.com','Warehouse & Delivery','Warehouse Assistant','G1','2018-3-10'), 
('FG00535','Mrs','Zita','Warrier','F',446002099714,'Preston','United Kingdom','GB','Zita.Warrier@fairgrocery.com','Warehouse & Delivery','Warehouse Assistant','G1','2018-1-10'), 
('FG00536','Ms','Goldarina','Brecken','F',443521104878,'Church End','United Kingdom','GB','Goldarina.Brecken@fairgrocery.com','Warehouse & Delivery','Warehouse Assistant','G1','2018-2-10'), 
('FG00537','Mrs','Lyndsey','Springer','F',445359753785,'Charlton','United Kingdom','GB','Lyndsey.Springer@fairgrocery.com','Warehouse & Delivery','Warehouse Assistant','G1','2018-3-10'), 
('FG00538','Mr','Noby','Mealiffe','M',445017854372,'Tullich','United Kingdom','GB','Noby.Mealiffe@fairgrocery.com','Warehouse & Delivery','Warehouse Assistant','G1','2018-1-10'), 
('FG00539','Ms','Nadya','Ridges','F',443021856106,'Belfast','United Kingdom','GB','Nadya.Ridges@fairgrocery.com','Warehouse & Delivery','Warehouse Assistant','G1','2018-2-10'), 
('FG00540','Mrs','Alysa','Brightie','F',441273525352,'Weston','United Kingdom','GB','Alysa.Brightie@fairgrocery.com','Warehouse & Delivery','Warehouse Assistant','G1','2018-3-10'), 
('FG00585','Mr','Tome','Branscombe','M',611341129972,'Sydney','Australia','AU','Tome.Branscombe@fairgrocery.com','Warehouse & Delivery','Delivery Manager','G4','2014-1-3'), 
('FG00586','Mrs','Berthe','Wellbelove','F',618429384399,'Adelaide Mail Centre','Australia','AU','Berthe.Wellbelove@fairgrocery.com','Warehouse & Delivery','Delivery Assistant','G1','2014-1-4'), 
('FG00587','Mr','Ron','Connew','M',611389877123,'Adelaide Mail Centre','Australia','AU','Ron.Connew@fairgrocery.com','Warehouse & Delivery','Delivery Assistant','G1','2014-1-5'), 
('FG00588','Ms','Angil','Walaron','F',612246143196,'Adelaide Mail Centre','Australia','AU','Angil.Walaron@fairgrocery.com','Warehouse & Delivery','Delivery Assistant','G1','2014-1-6'), 
('FG00589','Mrs','Samara','Bencher','F',613304017693,'Adelaide Mail Centre','Australia','AU','Samara.Bencher@fairgrocery.com','Warehouse & Delivery','Delivery Assistant','G1','2014-1-7'), 
('FG00590','Mr','Aldus','Beckwith','M',617643706184,'Sydney South','Australia','AU','Aldus.Beckwith@fairgrocery.com','Warehouse & Delivery','Delivery Assistant','G1','2014-1-8'), 
('FG00591','Mr','Sholom','Rutherford','M',612293128448,'Melbourne','Australia','AU','Sholom.Rutherford@fairgrocery.com','Warehouse & Delivery','Delivery Manager','G4','2014-1-9'), 
('FG00592','Mr','Tucky','Grodden','M',611119994167,'Sydney','Australia','AU','Tucky.Grodden@fairgrocery.com','Warehouse & Delivery','Delivery Assistant','G2','2014-1-10'), 
('FG00593','Ms','Myrtle','Rainton','F',613554140740,'Sydney','Australia','AU','Myrtle.Rainton@fairgrocery.com','Warehouse & Delivery','Delivery Assistant','G2','2014-1-11'), 
('FG00594','Mrs','Melanie','Scanlan','F',611133519980,'Launceston','Australia','AU','Melanie.Scanlan@fairgrocery.com','Warehouse & Delivery','Delivery Assistant','G2','2014-1-12'), 
('FG00595','Ms','Cloris','Garatty','F',617679746274,'Perth','Australia','AU','Cloris.Garatty@fairgrocery.com','Warehouse & Delivery','Delivery Manager','G4','2014-1-13'), 
('FG00596','Mrs','Modestine','Terran','F',616144388670,'Sydney','Australia','AU','Modestine.Terran@fairgrocery.com','Warehouse & Delivery','Delivery Assistant','G2','2014-1-14'), 
('FG00597','Mr','Van','Scrivenor','M',615331148138,'Adelaide Mail Centre','Australia','AU','Van.Scrivenor@fairgrocery.com','Warehouse & Delivery','Delivery Assistant','G2','2014-1-15'), 
('FG00598','Mr','Jacky','Commusso','M',616968537263,'Sydney','Australia','AU','Jacky.Commusso@fairgrocery.com','Warehouse & Delivery','Delivery Assistant','G2','2015-1-16'), 
('FG00599','Ms','Tybi','Lawlings','F',614077892316,'Sydney','Australia','AU','Tybi.Lawlings@fairgrocery.com','Warehouse & Delivery','Delivery Assistant','G2','2015-1-17'), 
('FG00600','Mrs','Jemimah','Molineaux','F',618598254628,'Northern Suburbs Mc','Australia','AU','Jemimah.Molineaux@fairgrocery.com','Warehouse & Delivery','Delivery Assistant','G1','2015-1-18'), 
('FG00601','Ms','Georgetta','Strelitz','F',618554304574,'Adelaide','Australia','AU','Georgetta.Strelitz@fairgrocery.com','Warehouse & Delivery','Delivery Manager','G4','2015-1-19'), 
('FG00602','Mrs','Hilda','Parcells','F',615643852381,'Adelaide','Australia','AU','Hilda.Parcells@fairgrocery.com','Warehouse & Delivery','Delivery Assistant','G1','2015-1-20'), 
('FG00603','Mr','Hazlett','Baldassi','M',612779035266,'Sydney','Australia','AU','Hazlett.Baldassi@fairgrocery.com','Warehouse & Delivery','Delivery Assistant','G1','2015-1-21'), 
('FG00604','Ms','Letizia','Snow','F',612441804704,'Eastern Suburbs Mc','Australia','AU','Letizia.Snow@fairgrocery.com','Warehouse & Delivery','Delivery Assistant','G1','2015-1-22'), 
('FG00605','Mrs','Sadella','Moland','F',616166568762,'Sydney','Australia','AU','Sadella.Moland@fairgrocery.com','Warehouse & Delivery','Delivery Assistant','G1','2015-1-23'), 
('FG00606','Ms','Eimile','Howchin','F',619808181411,'Sydney','Australia','AU','Eimile.Howchin@fairgrocery.com','Warehouse & Delivery','Warehouse Manager','G4','2015-1-24'), 
('FG00607','Mr','Fonzie','Arrandale','M',617255511602,'Launceston','Australia','AU','Fonzie.Arrandale@fairgrocery.com','Warehouse & Delivery','Warehouse Assistant','G2','2015-1-25'), 
('FG00608','Mrs','Belia','Wollard','F',613175729546,'Sydney','Australia','AU','Belia.Wollard@fairgrocery.com','Warehouse & Delivery','Warehouse Assistant','G2','2015-1-26'), 
('FG00609','Mr','Lou','Le feaver','M',615982595301,'Perth','Australia','AU','Lou.Le feaver@fairgrocery.com','Warehouse & Delivery','Warehouse Assistant','G2','2015-1-27'), 
('FG00610','Mr','Rudy','Pettingall','M',614683730115,'Sydney','Australia','AU','Rudy.Pettingall@fairgrocery.com','Warehouse & Delivery','Warehouse Assistant','G2','2015-1-28'), 
('FG00611','Ms','Kristal','Pady','F',616626487178,'Sydney','Australia','AU','Kristal.Pady@fairgrocery.com','Warehouse & Delivery','Warehouse Assistant','G2','2015-1-29'), 
('FG00612','Mrs','Gert','Betho','F',616612426840,'Sydney','Australia','AU','Gert.Betho@fairgrocery.com','Warehouse & Delivery','Warehouse Assistant','G2','2015-1-30'), 
('FG00613','Mr','Justin','Cromleholme','M',613888796889,'Perth','Australia','AU','Justin.Cromleholme@fairgrocery.com','Warehouse & Delivery','Warehouse Assistant','G2','2015-1-31'), 
('FG00614','Mr','Arri','Simm','M',611546834025,'Northern Suburbs Mc','Australia','AU','Arri.Simm@fairgrocery.com','Warehouse & Delivery','Warehouse Assistant','G2','2013-5-6'), 
('FG00615','Mr','Artie','Dupree','M',619808375559,'Adelaide','Australia','AU','Artie.Dupree@fairgrocery.com','Warehouse & Delivery','Warehouse Manager','G4','2013-5-7'), 
('FG00616','Ms','Dorette','Merrigans','F',617902217878,'Eastern Suburbs Mc','Australia','AU','Dorette.Merrigans@fairgrocery.com','Warehouse & Delivery','Warehouse Assistant','G1','2013-5-8'), 
('FG00617','Mr','Allistir','Varns','M',616988345946,'Perth','Australia','AU','Allistir.Varns@fairgrocery.com','Warehouse & Delivery','Warehouse Assistant','G1','2013-5-9'), 
('FG00618','Mrs','Portia','Attenburrow','F',614347515011,'Eastern Suburbs Mc','Australia','AU','Portia.Attenburrow@fairgrocery.com','Warehouse & Delivery','Warehouse Assistant','G1','2013-5-10'), 
('FG00619','Ms','Lilith','Turmall','F',615352495965,'Sydney South','Australia','AU','Lilith.Turmall@fairgrocery.com','Warehouse & Delivery','Warehouse Assistant','G1','2013-5-11'), 
('FG00620','Mr','Ives','Lowell','M',619273373857,'Sydney','Australia','AU','Ives.Lowell@fairgrocery.com','Warehouse & Delivery','Warehouse Assistant','G1','2013-5-12'), 
('FG00621','Mr','Michail','Plumer','M',616513840784,'Sydney','Australia','AU','Michail.Plumer@fairgrocery.com','Warehouse & Delivery','Warehouse Assistant','G1','2013-5-13'), 
('FG00622','Mrs','Noellyn','Chatt','F',618662844848,'Launceston','Australia','AU','Noellyn.Chatt@fairgrocery.com','Warehouse & Delivery','Warehouse Assistant','G1','2013-5-14'), 
('FG00623','Ms','Melisse','Gebby','F',611364903051,'Perth','Australia','AU','Melisse.Gebby@fairgrocery.com','Warehouse & Delivery','Warehouse Assistant','G1','2013-5-15'), 
('FG00624','Mrs','Damita','Beckett','F',613659902012,'Strawberry Hills','Australia','AU','Damita.Beckett@fairgrocery.com','Warehouse & Delivery','Warehouse Assistant','G1','2013-5-16'), 
('FG00625','Ms','Cilka','Tunny','F',613285210820,'Adelaide','Australia','AU','Cilka.Tunny@fairgrocery.com','Warehouse & Delivery','Warehouse Assistant','G1','2013-5-17'), 
('FG00626','Mrs','Deeyn','Mashro','F',612831388735,'Hobart','Australia','AU','Deeyn.Mashro@fairgrocery.com','Warehouse & Delivery','Warehouse Assistant','G1','2013-5-18'), 
('FG00627','Mr','Germain','Hindhaugh','M',613845617874,'Sydney','Australia','AU','Germain.Hindhaugh@fairgrocery.com','Warehouse & Delivery','Warehouse Assistant','G1','2013-5-19'), 
('FG00684','Mrs','Aryn','Woolis','F',611304843987,'Adelaide Mail Centre','Australia','AU','Aryn.Woolis@fairgrocery.com','Warehouse & Delivery','Delivery Assistant','G1','2018-4-13'), 